./20231011-batch-1-Plate1-A1-0193/Image.csv,1749779416,1749779416,1749779416
./20231011-batch-1-Plate1-A1-0007/Image.csv,1749777997,1749777998,1749777998
./20231011-batch-1-Plate1-A1-0070/Image.csv,1749776952,1749776953,1749776953
./20231011-batch-1-Plate1-A1-0437/Image.csv,1749777613,1749777613,1749777613
./20231011-batch-1-Plate1-A1-0440/Image.csv,1749781015,1749781015,1749781015
./20231011-batch-1-Plate1-A1-0960/Image.csv,1749778848,1749778848,1749778848
./20231011-batch-1-Plate1-A1-0883/Image.csv,1749776940,1749776940,1749776940
./20231011-batch-1-Plate1-A1-0917/Image.csv,1749780707,1749780707,1749780707
./20231011-batch-1-Plate1-A1-0810/Image.csv,1749779630,1749779631,1749779631
./20231011-batch-1-Plate1-A1-0984/Image.csv,1749776016,1749776017,1749776017
./20231011-batch-1-Plate1-A1-0867/Image.csv,1749780510,1749780511,1749780511
./20231011-batch-1-Plate1-A1-0889/Image.csv,1749780745,1749780746,1749780746
./20231011-batch-1-Plate1-A1-0547/Image.csv,1749778149,1749778149,1749778149
./20231011-batch-1-Plate1-A1-0530/Image.csv,1749777978,1749777978,1749777978
./20231011-batch-1-Plate1-A1-0199/Image.csv,1749778254,1749778255,1749778255
./20231011-batch-1-Plate1-A1-0177/Image.csv,1749780994,1749780994,1749780994
./20231011-batch-1-Plate1-A1-0100/Image.csv,1749780279,1749780279,1749780279
./20231011-batch-1-Plate1-A1-0094/Image.csv,1749777541,1749777541,1749777541
./20231011-batch-1-Plate1-A1-0749/Image.csv,1749777779,1749777779,1749777779
./20231011-batch-1-Plate1-A1-0633/Image.csv,1749779301,1749779302,1749779302
./20231011-batch-1-Plate1-A1-0644/Image.csv,1749777727,1749777727,1749777727
./20231011-batch-1-Plate1-A1-0379/Image.csv,1749779551,1749779551,1749779551
./20231011-batch-1-Plate1-A1-0397/Image.csv,1749778202,1749778202,1749778202
./20231011-batch-1-Plate1-A1-0203/Image.csv,1749780943,1749780943,1749780943
./20231011-batch-1-Plate1-A1-0274/Image.csv,1749780088,1749780088,1749780088
./20231011-batch-1-Plate1-A1-0373/Image.csv,1749776903,1749776903,1749776903
./20231011-batch-1-Plate1-A1-0304/Image.csv,1749778474,1749778474,1749778474
./20231011-batch-1-Plate1-A1-0290/Image.csv,1749779570,1749779571,1749779571
./20231011-batch-1-Plate1-A1-0209/Image.csv,1749778715,1749778715,1749778715
./20231011-batch-1-Plate1-A1-0743/Image.csv,1749780110,1749780110,1749780110
./20231011-batch-1-Plate1-A1-0734/Image.csv,1749778147,1749778147,1749778147
./20231011-batch-1-Plate1-A1-0639/Image.csv,1749781095,1749781095,1749781095
./20231011-batch-1-Plate1-A1-0472/Image.csv,1749777998,1749777998,1749777998
./20231011-batch-1-Plate1-A1-0828/Image.csv,1749779126,1749779126,1749779126
./20231011-batch-1-Plate1-A1-0591/Image.csv,1749778869,1749778869,1749778869
./20231011-batch-1-Plate1-A1-0405/Image.csv,1749776230,1749776230,1749776230
./20231011-batch-1-Plate1-A1-0925/Image.csv,1749780764,1749780764,1749780764
./20231011-batch-1-Plate1-A1-0508/Image.csv,1749779661,1749779661,1749779661
./20231011-batch-1-Plate1-A1-0952/Image.csv,1749777743,1749777744,1749777744
./20231011-batch-1-Plate1-A1-0042/Image.csv,1749777968,1749777969,1749777969
./20231011-batch-1-Plate1-A1-0035/Image.csv,1749777336,1749777336,1749777336
./20231011-batch-1-Plate1-A1-0138/Image.csv,1749781097,1749781097,1749781097
./20231011-batch-1-Plate1-A1-0048/Image.csv,1749779775,1749779775,1749779775
./20231011-batch-1-Plate1-A1-0132/Image.csv,1749779009,1749779010,1749779010
./20231011-batch-1-Plate1-A1-0145/Image.csv,1749778164,1749778164,1749778164
./20231011-batch-1-Plate1-A1-0855/Image.csv,1749777644,1749777644,1749777644
./20231011-batch-1-Plate1-A1-0478/Image.csv,1749780213,1749780214,1749780214
./20231011-batch-1-Plate1-A1-0822/Image.csv,1749778919,1749778919,1749778919
./20231011-batch-1-Plate1-A1-0502/Image.csv,1749779982,1749779982,1749779982
./20231011-batch-1-Plate1-A1-0958/Image.csv,1749779080,1749779080,1749779080
./20231011-batch-1-Plate1-A1-0496/Image.csv,1749777807,1749777807,1749777807
./20231011-batch-1-Plate1-A1-0575/Image.csv,1749779331,1749779331,1749779331
./20231011-batch-1-Plate1-A1-0246/Image.csv,1749776906,1749776906,1749776906
./20231011-batch-1-Plate1-A1-0231/Image.csv,1749779236,1749779236,1749779236
./20231011-batch-1-Plate1-A1-0698/Image.csv,1749777453,1749777453,1749777453
./20231011-batch-1-Plate1-A1-0676/Image.csv,1749777667,1749777668,1749777668
./20231011-batch-1-Plate1-A1-0795/Image.csv,1749777296,1749777297,1749777297
./20231011-batch-1-Plate1-A1-0601/Image.csv,1749779132,1749779132,1749779132
./20231011-batch-1-Plate1-A1-0706/Image.csv,1749779214,1749779214,1749779214
./20231011-batch-1-Plate1-A1-0692/Image.csv,1749779312,1749779312,1749779312
./20231011-batch-1-Plate1-A1-0771/Image.csv,1749778126,1749778126,1749778126
./20231011-batch-1-Plate1-A1-1014/Image.csv,1749777682,1749777682,1749777682
./20231011-batch-1-Plate1-A1-0336/Image.csv,1749781076,1749781077,1749781077
./20231011-batch-1-Plate1-A1-0341/Image.csv,1749780249,1749780249,1749780249
./20231011-batch-1-Plate1-A1-0164/Image.csv,1749779371,1749779372,1749779372
./20231011-batch-1-Plate1-A1-0113/Image.csv,1749779900,1749779900,1749779900
./20231011-batch-1-Plate1-A1-0087/Image.csv,1749779541,1749779541,1749779541
./20231011-batch-1-Plate1-A1-0069/Image.csv,1749780618,1749780618,1749780618
./20231011-batch-1-Plate1-A1-0554/Image.csv,1749777232,1749777232,1749777232
./20231011-batch-1-Plate1-A1-0979/Image.csv,1749777491,1749777491,1749777491
./20231011-batch-1-Plate1-A1-0523/Image.csv,1749777765,1749777765,1749777765
./20231011-batch-1-Plate1-A1-0803/Image.csv,1749778982,1749778982,1749778982
./20231011-batch-1-Plate1-A1-0997/Image.csv,1749781076,1749781077,1749781077
./20231011-batch-1-Plate1-A1-0459/Image.csv,1749777625,1749777625,1749777625
./20231011-batch-1-Plate1-A1-0874/Image.csv,1749780881,1749780882,1749780882
./20231011-batch-1-Plate1-A1-0973/Image.csv,1749779176,1749779176,1749779176
./20231011-batch-1-Plate1-A1-0529/Image.csv,1749777695,1749777695,1749777695
./20231011-batch-1-Plate1-A1-0890/Image.csv,1749781067,1749781067,1749781067
./20231011-batch-1-Plate1-A1-0904/Image.csv,1749776716,1749776716,1749776716
./20231011-batch-1-Plate1-A1-0424/Image.csv,1749777256,1749777256,1749777256
./20231011-batch-1-Plate1-A1-0809/Image.csv,1749778705,1749778706,1749778706
./20231011-batch-1-Plate1-A1-0453/Image.csv,1749781104,1749781104,1749781104
./20231011-batch-1-Plate1-A1-0119/Image.csv,1749778060,1749778061,1749778061
./20231011-batch-1-Plate1-A1-0180/Image.csv,1749777743,1749777743,1749777743
./20231011-batch-1-Plate1-A1-0014/Image.csv,1749779934,1749779934,1749779934
./20231011-batch-1-Plate1-A1-0063/Image.csv,1749776588,1749776588,1749776588
./20231011-batch-1-Plate1-A1-0750/Image.csv,1749777616,1749777616,1749777616
./20231011-batch-1-Plate1-A1-0727/Image.csv,1749778115,1749778115,1749778115
./20231011-batch-1-Plate1-A1-0360/Image.csv,1749778717,1749778717,1749778717
./20231011-batch-1-Plate1-A1-0317/Image.csv,1749780711,1749780711,1749780711
./20231011-batch-1-Plate1-A1-0283/Image.csv,1749776827,1749776827,1749776827
./20231011-batch-1-Plate1-A1-0384/Image.csv,1749777236,1749777236,1749777236
./20231011-batch-1-Plate1-A1-0210/Image.csv,1749777525,1749777525,1749777525
./20231011-batch-1-Plate1-A1-0267/Image.csv,1749780030,1749780030,1749780030
./20231011-batch-1-Plate1-A1-0289/Image.csv,1749779212,1749779212,1749779212
./20231011-batch-1-Plate1-A1-0620/Image.csv,1749778692,1749778692,1749778692
./20231011-batch-1-Plate1-A1-0657/Image.csv,1749779705,1749779705,1749779705
./20231011-batch-1-Plate1-A1-0511/Image.csv,1749779550,1749779550,1749779550
./20231011-batch-1-Plate1-A1-0485/Image.csv,1749776704,1749776704,1749776704
./20231011-batch-1-Plate1-A1-0566/Image.csv,1749781082,1749781082,1749781082
./20231011-batch-1-Plate1-A1-0846/Image.csv,1749781007,1749781007,1749781007
./20231011-batch-1-Plate1-A1-0588/Image.csv,1749777543,1749777543,1749777543
./20231011-batch-1-Plate1-A1-0831/Image.csv,1749778110,1749778110,1749778110
./20231011-batch-1-Plate1-A1-0121/Image.csv,1749776852,1749776852,1749776852
./20231011-batch-1-Plate1-A1-0156/Image.csv,1749779053,1749779053,1749779053
./20231011-batch-1-Plate1-A1-0051/Image.csv,1749779927,1749779928,1749779928
./20231011-batch-1-Plate1-A1-0026/Image.csv,1749780770,1749780770,1749780770
./20231011-batch-1-Plate1-A1-0936/Image.csv,1749776120,1749776120,1749776120
./20231011-batch-1-Plate1-A1-0941/Image.csv,1749776559,1749776559,1749776559
./20231011-batch-1-Plate1-A1-0461/Image.csv,1749779091,1749779091,1749779091
./20231011-batch-1-Plate1-A1-0582/Image.csv,1749781019,1749781020,1749781020
./20231011-batch-1-Plate1-A1-0416/Image.csv,1749780480,1749780480,1749780480
./20231011-batch-1-Plate1-A1-0228/Image.csv,1749780085,1749780085,1749780085
./20231011-batch-1-Plate1-A1-0325/Image.csv,1749779285,1749779285,1749779285
./20231011-batch-1-Plate1-A1-0352/Image.csv,1749779640,1749779640,1749779640
./20231011-batch-1-Plate1-A1-0618/Image.csv,1749780984,1749780984,1749780984
./20231011-batch-1-Plate1-A1-0715/Image.csv,1749777957,1749777958,1749777958
./20231011-batch-1-Plate1-A1-0681/Image.csv,1749776394,1749776394,1749776394
./20231011-batch-1-Plate1-A1-0762/Image.csv,1749781086,1749781086,1749781086
./20231011-batch-1-Plate1-A1-1007/Image.csv,1749780785,1749780786,1749780786
./20231011-batch-1-Plate1-A1-0665/Image.csv,1749778134,1749778134,1749778134
./20231011-batch-1-Plate1-A1-0786/Image.csv,1749780685,1749780685,1749780685
./20231011-batch-1-Plate1-A1-0612/Image.csv,1749777270,1749777270,1749777270
./20231011-batch-1-Plate1-A1-0768/Image.csv,1749780047,1749780048,1749780048
./20231011-batch-1-Plate1-A1-0255/Image.csv,1749778852,1749778852,1749778852
./20231011-batch-1-Plate1-A1-0222/Image.csv,1749777663,1749777664,1749777664
./20231011-batch-1-Plate1-A1-0358/Image.csv,1749777613,1749777613,1749777613
./20231011-batch-1-Plate1-A1-0355/Image.csv,1749781028,1749781028,1749781028
./20231011-batch-1-Plate1-A1-0322/Image.csv,1749780830,1749780830,1749780830
./20231011-batch-1-Plate1-A1-0258/Image.csv,1749777897,1749777897,1749777897
./20231011-batch-1-Plate1-A1-0765/Image.csv,1749778813,1749778814,1749778814
./20231011-batch-1-Plate1-A1-0686/Image.csv,1749781096,1749781096,1749781096
./20231011-batch-1-Plate1-A1-0712/Image.csv,1749780213,1749780213,1749780213
./20231011-batch-1-Plate1-A1-0668/Image.csv,1749780961,1749780961,1749780961
./20231011-batch-1-Plate1-A1-1000/Image.csv,1749777760,1749777760,1749777760
./20231011-batch-1-Plate1-A1-0718/Image.csv,1749778003,1749778003,1749778003
./20231011-batch-1-Plate1-A1-0615/Image.csv,1749778562,1749778563,1749778563
./20231011-batch-1-Plate1-A1-0781/Image.csv,1749780103,1749780103,1749780103
./20231011-batch-1-Plate1-A1-0662/Image.csv,1749779062,1749779063,1749779063
./20231011-batch-1-Plate1-A1-0328/Image.csv,1749779757,1749779757,1749779757
./20231011-batch-1-Plate1-A1-0225/Image.csv,1749779419,1749779420,1749779420
./20231011-batch-1-Plate1-A1-0252/Image.csv,1749781109,1749781109,1749781109
./20231011-batch-1-Plate1-A1-0836/Image.csv,1749779283,1749779285,1749779285
./20231011-batch-1-Plate1-A1-0841/Image.csv,1749778167,1749778167,1749778167
./20231011-batch-1-Plate1-A1-0561/Image.csv,1749777838,1749777838,1749777838
./20231011-batch-1-Plate1-A1-0482/Image.csv,1749779377,1749779377,1749779377
./20231011-batch-1-Plate1-A1-0516/Image.csv,1749780187,1749780187,1749780187
./20231011-batch-1-Plate1-A1-0151/Image.csv,1749780690,1749780691,1749780691
./20231011-batch-1-Plate1-A1-0126/Image.csv,1749777550,1749777550,1749777550
./20231011-batch-1-Plate1-A1-0021/Image.csv,1749777594,1749777594,1749777594
./20231011-batch-1-Plate1-A1-0056/Image.csv,1749778186,1749778186,1749778186
./20231011-batch-1-Plate1-A1-0411/Image.csv,1749777345,1749777345,1749777345
./20231011-batch-1-Plate1-A1-0585/Image.csv,1749779212,1749779213,1749779213
./20231011-batch-1-Plate1-A1-0466/Image.csv,1749776479,1749776479,1749776479
./20231011-batch-1-Plate1-A1-0488/Image.csv,1749776909,1749776909,1749776909
./20231011-batch-1-Plate1-A1-0946/Image.csv,1749780950,1749780951,1749780951
./20231011-batch-1-Plate1-A1-0931/Image.csv,1749779030,1749779031,1749779031
./20231011-batch-1-Plate1-A1-0720/Image.csv,1749779970,1749779970,1749779970
./20231011-batch-1-Plate1-A1-0757/Image.csv,1749779590,1749779591,1749779591
./20231011-batch-1-Plate1-A1-0284/Image.csv,1749777516,1749777516,1749777516
./20231011-batch-1-Plate1-A1-0310/Image.csv,1749777612,1749777612,1749777612
./20231011-batch-1-Plate1-A1-0367/Image.csv,1749780617,1749780618,1749780618
./20231011-batch-1-Plate1-A1-0389/Image.csv,1749776935,1749776935,1749776935
./20231011-batch-1-Plate1-A1-0260/Image.csv,1749778773,1749778773,1749778773
./20231011-batch-1-Plate1-A1-0217/Image.csv,1749778423,1749778423,1749778423
./20231011-batch-1-Plate1-A1-0383/Image.csv,1749780076,1749780076,1749780076
./20231011-batch-1-Plate1-A1-0650/Image.csv,1749780255,1749780256,1749780256
./20231011-batch-1-Plate1-A1-0627/Image.csv,1749777917,1749777917,1749777917
./20231011-batch-1-Plate1-A1-0019/Image.csv,1749779949,1749779950,1749779950
./20231011-batch-1-Plate1-A1-0080/Image.csv,1749779332,1749779332,1749779332
./20231011-batch-1-Plate1-A1-0114/Image.csv,1749779132,1749779133,1749779133
./20231011-batch-1-Plate1-A1-0163/Image.csv,1749780074,1749780075,1749780075
./20231011-batch-1-Plate1-A1-0873/Image.csv,1749777186,1749777187,1749777187
./20231011-batch-1-Plate1-A1-0429/Image.csv,1749780728,1749780728,1749780728
./20231011-batch-1-Plate1-A1-0990/Image.csv,1749779745,1749779745,1749779745
./20231011-batch-1-Plate1-A1-0804/Image.csv,1749777754,1749777754,1749777754
./20231011-batch-1-Plate1-A1-0524/Image.csv,1749781013,1749781013,1749781013
./20231011-batch-1-Plate1-A1-0909/Image.csv,1749779995,1749779995,1749779995
./20231011-batch-1-Plate1-A1-0553/Image.csv,1749781072,1749781072,1749781072
./20231011-batch-1-Plate1-A1-0454/Image.csv,1749778010,1749778010,1749778010
./20231011-batch-1-Plate1-A1-0879/Image.csv,1749780058,1749780059,1749780059
./20231011-batch-1-Plate1-A1-0423/Image.csv,1749781021,1749781021,1749781021
./20231011-batch-1-Plate1-A1-0903/Image.csv,1749778629,1749778629,1749778629
./20231011-batch-1-Plate1-A1-0559/Image.csv,1749778812,1749778812,1749778812
./20231011-batch-1-Plate1-A1-0897/Image.csv,1749780179,1749780182,1749780182
./20231011-batch-1-Plate1-A1-0974/Image.csv,1749777295,1749777295,1749777295
./20231011-batch-1-Plate1-A1-0064/Image.csv,1749776697,1749776697,1749776697
./20231011-batch-1-Plate1-A1-0013/Image.csv,1749779265,1749779265,1749779265
./20231011-batch-1-Plate1-A1-0187/Image.csv,1749780751,1749780751,1749780751
./20231011-batch-1-Plate1-A1-0169/Image.csv,1749780329,1749780329,1749780329
./20231011-batch-1-Plate1-A1-0236/Image.csv,1749777504,1749777505,1749777505
./20231011-batch-1-Plate1-A1-0241/Image.csv,1749779538,1749779539,1749779539
./20231011-batch-1-Plate1-A1-0606/Image.csv,1749779351,1749779352,1749779352
./20231011-batch-1-Plate1-A1-0792/Image.csv,1749776648,1749776648,1749776648
./20231011-batch-1-Plate1-A1-0671/Image.csv,1749777256,1749777256,1749777256
./20231011-batch-1-Plate1-A1-1019/Image.csv,1749777462,1749777462,1749777462
./20231011-batch-1-Plate1-A1-0798/Image.csv,1749777160,1749777160,1749777160
./20231011-batch-1-Plate1-A1-0776/Image.csv,1749780331,1749780331,1749780331
./20231011-batch-1-Plate1-A1-0695/Image.csv,1749776653,1749776653,1749776653
./20231011-batch-1-Plate1-A1-0701/Image.csv,1749779978,1749779978,1749779978
./20231011-batch-1-Plate1-A1-1013/Image.csv,1749779013,1749779014,1749779014
./20231011-batch-1-Plate1-A1-0346/Image.csv,1749781061,1749781062,1749781062
./20231011-batch-1-Plate1-A1-0331/Image.csv,1749778845,1749778845,1749778845
./20231011-batch-1-Plate1-A1-0955/Image.csv,1749779006,1749779007,1749779007
./20231011-batch-1-Plate1-A1-0578/Image.csv,1749780881,1749780882,1749780882
./20231011-batch-1-Plate1-A1-0922/Image.csv,1749778731,1749778731,1749778731
./20231011-batch-1-Plate1-A1-0402/Image.csv,1749780238,1749780239,1749780239
./20231011-batch-1-Plate1-A1-0596/Image.csv,1749777173,1749777173,1749777173
./20231011-batch-1-Plate1-A1-0858/Image.csv,1749779583,1749779583,1749779583
./20231011-batch-1-Plate1-A1-0475/Image.csv,1749778729,1749778729,1749778729
./20231011-batch-1-Plate1-A1-0148/Image.csv,1749779583,1749779583,1749779583
./20231011-batch-1-Plate1-A1-0032/Image.csv,1749780711,1749780711,1749780711
./20231011-batch-1-Plate1-A1-0045/Image.csv,1749777674,1749777675,1749777675
./20231011-batch-1-Plate1-A1-0142/Image.csv,1749776598,1749776598,1749776598
./20231011-batch-1-Plate1-A1-0135/Image.csv,1749777808,1749777808,1749777808
./20231011-batch-1-Plate1-A1-0038/Image.csv,1749779787,1749779788,1749779788
./20231011-batch-1-Plate1-A1-0572/Image.csv,1749779112,1749779112,1749779112
./20231011-batch-1-Plate1-A1-0928/Image.csv,1749778385,1749778385,1749778385
./20231011-batch-1-Plate1-A1-0491/Image.csv,1749779165,1749779166,1749779166
./20231011-batch-1-Plate1-A1-0505/Image.csv,1749780366,1749780366,1749780366
./20231011-batch-1-Plate1-A1-0825/Image.csv,1749777192,1749777193,1749777193
./20231011-batch-1-Plate1-A1-0408/Image.csv,1749778629,1749778630,1749778630
./20231011-batch-1-Plate1-A1-0852/Image.csv,1749778744,1749778745,1749778745
./20231011-batch-1-Plate1-A1-0643/Image.csv,1749780678,1749780678,1749780678
./20231011-batch-1-Plate1-A1-0634/Image.csv,1749778707,1749778708,1749778708
./20231011-batch-1-Plate1-A1-0739/Image.csv,1749777708,1749777708,1749777708
./20231011-batch-1-Plate1-A1-0273/Image.csv,1749778163,1749778163,1749778163
./20231011-batch-1-Plate1-A1-0204/Image.csv,1749780638,1749780638,1749780638
./20231011-batch-1-Plate1-A1-0390/Image.csv,1749777312,1749777313,1749777313
./20231011-batch-1-Plate1-A1-0309/Image.csv,1749779768,1749779769,1749779769
./20231011-batch-1-Plate1-A1-0279/Image.csv,1749777336,1749777336,1749777336
./20231011-batch-1-Plate1-A1-0297/Image.csv,1749779250,1749779250,1749779250
./20231011-batch-1-Plate1-A1-0303/Image.csv,1749780822,1749780822,1749780822
./20231011-batch-1-Plate1-A1-0374/Image.csv,1749778060,1749778061,1749778061
./20231011-batch-1-Plate1-A1-1021/Image.csv,1749779383,1749779383,1749779383
./20231011-batch-1-Plate1-A1-0649/Image.csv,1749778122,1749778122,1749778122
./20231011-batch-1-Plate1-A1-0733/Image.csv,1749779560,1749779560,1749779560
./20231011-batch-1-Plate1-A1-0744/Image.csv,1749779727,1749779728,1749779728
./20231011-batch-1-Plate1-A1-0099/Image.csv,1749779110,1749779111,1749779111
./20231011-batch-1-Plate1-A1-0077/Image.csv,1749779881,1749779882,1749779882
./20231011-batch-1-Plate1-A1-0000/Image.csv,1749780433,1749780433,1749780433
./20231011-batch-1-Plate1-A1-0194/Image.csv,1749781014,1749781014,1749781014
./20231011-batch-1-Plate1-A1-0910/Image.csv,1749777270,1749777270,1749777270
./20231011-batch-1-Plate1-A1-0884/Image.csv,1749777268,1749777269,1749777269
./20231011-batch-1-Plate1-A1-0967/Image.csv,1749778051,1749778052,1749778052
./20231011-batch-1-Plate1-A1-0447/Image.csv,1749777340,1749777340,1749777340
./20231011-batch-1-Plate1-A1-0989/Image.csv,1749779301,1749779302,1749779302
./20231011-batch-1-Plate1-A1-0430/Image.csv,1749779373,1749779374,1749779374
./20231011-batch-1-Plate1-A1-0537/Image.csv,1749780202,1749780202,1749780202
./20231011-batch-1-Plate1-A1-0540/Image.csv,1749778126,1749778126,1749778126
./20231011-batch-1-Plate1-A1-0860/Image.csv,1749780551,1749780551,1749780551
./20231011-batch-1-Plate1-A1-0983/Image.csv,1749780864,1749780865,1749780865
./20231011-batch-1-Plate1-A1-0817/Image.csv,1749776611,1749776612,1749776612
./20231011-batch-1-Plate1-A1-0093/Image.csv,1749778731,1749778731,1749778731
./20231011-batch-1-Plate1-A1-0107/Image.csv,1749779623,1749779623,1749779623
./20231011-batch-1-Plate1-A1-0170/Image.csv,1749776697,1749776698,1749776698
./20231011-batch-1-Plate1-A1-0737/Image.csv,1749776626,1749776626,1749776626
./20231011-batch-1-Plate1-A1-0740/Image.csv,1749777148,1749777148,1749777148
./20231011-batch-1-Plate1-A1-0307/Image.csv,1749780611,1749780612,1749780612
./20231011-batch-1-Plate1-A1-0293/Image.csv,1749779315,1749779315,1749779315
./20231011-batch-1-Plate1-A1-0370/Image.csv,1749777819,1749777819,1749777819
./20231011-batch-1-Plate1-A1-0299/Image.csv,1749777574,1749777575,1749777575
./20231011-batch-1-Plate1-A1-0277/Image.csv,1749779814,1749779814,1749779814
./20231011-batch-1-Plate1-A1-0394/Image.csv,1749779160,1749779160,1749779160
./20231011-batch-1-Plate1-A1-0200/Image.csv,1749779200,1749779200,1749779200
./20231011-batch-1-Plate1-A1-0647/Image.csv,1749778084,1749778084,1749778084
./20231011-batch-1-Plate1-A1-0630/Image.csv,1749780141,1749780141,1749780141
./20231011-batch-1-Plate1-A1-0079/Image.csv,1749777376,1749777377,1749777377
./20231011-batch-1-Plate1-A1-0103/Image.csv,1749776763,1749776764,1749776764
./20231011-batch-1-Plate1-A1-0097/Image.csv,1749776634,1749776635,1749776635
./20231011-batch-1-Plate1-A1-0174/Image.csv,1749778055,1749778055,1749778055
./20231011-batch-1-Plate1-A1-0864/Image.csv,1749779227,1749779227,1749779227
./20231011-batch-1-Plate1-A1-0813/Image.csv,1749777474,1749777474,1749777474
./20231011-batch-1-Plate1-A1-0449/Image.csv,1749777815,1749777815,1749777815
./20231011-batch-1-Plate1-A1-0987/Image.csv,1749777848,1749777849,1749777849
./20231011-batch-1-Plate1-A1-0969/Image.csv,1749776258,1749776258,1749776258
./20231011-batch-1-Plate1-A1-0533/Image.csv,1749780108,1749780109,1749780109
./20231011-batch-1-Plate1-A1-0544/Image.csv,1749781103,1749781103,1749781103
./20231011-batch-1-Plate1-A1-0819/Image.csv,1749777713,1749777713,1749777713
./20231011-batch-1-Plate1-A1-0443/Image.csv,1749779960,1749779961,1749779961
./20231011-batch-1-Plate1-A1-0434/Image.csv,1749778075,1749778075,1749778075
./20231011-batch-1-Plate1-A1-0880/Image.csv,1749777640,1749777640,1749777640
./20231011-batch-1-Plate1-A1-0914/Image.csv,1749779223,1749779223,1749779223
./20231011-batch-1-Plate1-A1-0963/Image.csv,1749778078,1749778078,1749778078
./20231011-batch-1-Plate1-A1-0539/Image.csv,1749781083,1749781083,1749781083
./20231011-batch-1-Plate1-A1-0073/Image.csv,1749777255,1749777255,1749777255
./20231011-batch-1-Plate1-A1-0190/Image.csv,1749780998,1749780998,1749780998
./20231011-batch-1-Plate1-A1-0004/Image.csv,1749778810,1749778810,1749778810
./20231011-batch-1-Plate1-A1-0109/Image.csv,1749778024,1749778024,1749778024
./20231011-batch-1-Plate1-A1-0342/Image.csv,1749779074,1749779074,1749779074
./20231011-batch-1-Plate1-A1-0335/Image.csv,1749780155,1749780155,1749780155
./20231011-batch-1-Plate1-A1-0238/Image.csv,1749777220,1749777221,1749777221
./20231011-batch-1-Plate1-A1-1017/Image.csv,1749778784,1749778784,1749778784
./20231011-batch-1-Plate1-A1-0772/Image.csv,1749777614,1749777614,1749777614
./20231011-batch-1-Plate1-A1-0705/Image.csv,1749779347,1749779348,1749779348
./20231011-batch-1-Plate1-A1-0691/Image.csv,1749777473,1749777473,1749777473
./20231011-batch-1-Plate1-A1-0608/Image.csv,1749779337,1749779337,1749779337
./20231011-batch-1-Plate1-A1-0778/Image.csv,1749777097,1749777098,1749777098
./20231011-batch-1-Plate1-A1-0796/Image.csv,1749776487,1749776487,1749776487
./20231011-batch-1-Plate1-A1-0602/Image.csv,1749779765,1749779766,1749779766
./20231011-batch-1-Plate1-A1-0675/Image.csv,1749776042,1749776042,1749776042
./20231011-batch-1-Plate1-A1-0348/Image.csv,1749778669,1749778669,1749778669
./20231011-batch-1-Plate1-A1-0232/Image.csv,1749779691,1749779691,1749779691
./20231011-batch-1-Plate1-A1-0245/Image.csv,1749779237,1749779237,1749779237
./20231011-batch-1-Plate1-A1-0821/Image.csv,1749780360,1749780361,1749780361
./20231011-batch-1-Plate1-A1-0598/Image.csv,1749777332,1749777332,1749777332
./20231011-batch-1-Plate1-A1-0856/Image.csv,1749776663,1749776663,1749776663
./20231011-batch-1-Plate1-A1-0576/Image.csv,1749779983,1749779983,1749779983
./20231011-batch-1-Plate1-A1-0501/Image.csv,1749780509,1749780510,1749780510
./20231011-batch-1-Plate1-A1-0495/Image.csv,1749778498,1749778498,1749778498
./20231011-batch-1-Plate1-A1-0146/Image.csv,1749779622,1749779622,1749779622
./20231011-batch-1-Plate1-A1-0131/Image.csv,1749780923,1749780923,1749780923
./20231011-batch-1-Plate1-A1-0036/Image.csv,1749780208,1749780209,1749780209
./20231011-batch-1-Plate1-A1-0041/Image.csv,1749779461,1749779461,1749779461
./20231011-batch-1-Plate1-A1-0592/Image.csv,1749780002,1749780002,1749780002
./20231011-batch-1-Plate1-A1-0406/Image.csv,1749779270,1749779270,1749779270
./20231011-batch-1-Plate1-A1-0471/Image.csv,1749777167,1749777167,1749777167
./20231011-batch-1-Plate1-A1-0951/Image.csv,1749778287,1749778287,1749778287
./20231011-batch-1-Plate1-A1-0926/Image.csv,1749779145,1749779145,1749779145
./20231011-batch-1-Plate1-A1-0654/Image.csv,1749778661,1749778661,1749778661
./20231011-batch-1-Plate1-A1-0623/Image.csv,1749780522,1749780522,1749780522
./20231011-batch-1-Plate1-A1-0759/Image.csv,1749776740,1749776741,1749776741
./20231011-batch-1-Plate1-A1-0264/Image.csv,1749776158,1749776158,1749776158
./20231011-batch-1-Plate1-A1-0387/Image.csv,1749780710,1749780710,1749780710
./20231011-batch-1-Plate1-A1-0213/Image.csv,1749780123,1749780123,1749780123
./20231011-batch-1-Plate1-A1-0369/Image.csv,1749777601,1749777602,1749777602
./20231011-batch-1-Plate1-A1-0219/Image.csv,1749780354,1749780354,1749780354
./20231011-batch-1-Plate1-A1-0314/Image.csv,1749781068,1749781068,1749781068
./20231011-batch-1-Plate1-A1-0280/Image.csv,1749780728,1749780728,1749780728
./20231011-batch-1-Plate1-A1-0363/Image.csv,1749777721,1749777721,1749777721
./20231011-batch-1-Plate1-A1-0629/Image.csv,1749780727,1749780727,1749780727
./20231011-batch-1-Plate1-A1-0724/Image.csv,1749778207,1749778207,1749778207
./20231011-batch-1-Plate1-A1-0753/Image.csv,1749780380,1749780380,1749780380
./20231011-batch-1-Plate1-A1-0060/Image.csv,1749779163,1749779163,1749779163
./20231011-batch-1-Plate1-A1-0183/Image.csv,1749780764,1749780765,1749780765
./20231011-batch-1-Plate1-A1-0017/Image.csv,1749778764,1749778764,1749778764
./20231011-batch-1-Plate1-A1-0893/Image.csv,1749779564,1749779565,1749779565
./20231011-batch-1-Plate1-A1-0907/Image.csv,1749781112,1749781112,1749781112
./20231011-batch-1-Plate1-A1-0970/Image.csv,1749780180,1749780180,1749780180
./20231011-batch-1-Plate1-A1-0450/Image.csv,1749779090,1749779090,1749779090
./20231011-batch-1-Plate1-A1-0427/Image.csv,1749777068,1749777068,1749777068
./20231011-batch-1-Plate1-A1-0520/Image.csv,1749778213,1749778213,1749778213
./20231011-batch-1-Plate1-A1-0557/Image.csv,1749780238,1749780238,1749780238
./20231011-batch-1-Plate1-A1-0899/Image.csv,1749779018,1749779018,1749779018
./20231011-batch-1-Plate1-A1-0877/Image.csv,1749779607,1749779607,1749779607
./20231011-batch-1-Plate1-A1-0800/Image.csv,1749781095,1749781095,1749781095
./20231011-batch-1-Plate1-A1-0994/Image.csv,1749777226,1749777226,1749777226
./20231011-batch-1-Plate1-A1-0110/Image.csv,1749777588,1749777588,1749777588
./20231011-batch-1-Plate1-A1-0084/Image.csv,1749777206,1749777206,1749777206
./20231011-batch-1-Plate1-A1-0167/Image.csv,1749776744,1749776744,1749776744
./20231011-batch-1-Plate1-A1-0189/Image.csv,1749776591,1749776591,1749776591
./20231011-batch-1-Plate1-A1-0221/Image.csv,1749778166,1749778167,1749778167
./20231011-batch-1-Plate1-A1-0256/Image.csv,1749776658,1749776658,1749776658
./20231011-batch-1-Plate1-A1-0785/Image.csv,1749780873,1749780873,1749780873
./20231011-batch-1-Plate1-A1-0611/Image.csv,1749777311,1749777312,1749777312
./20231011-batch-1-Plate1-A1-0666/Image.csv,1749776611,1749776611,1749776611
./20231011-batch-1-Plate1-A1-0688/Image.csv,1749776617,1749776618,1749776618
./20231011-batch-1-Plate1-A1-1004/Image.csv,1749780293,1749780293,1749780293
./20231011-batch-1-Plate1-A1-0761/Image.csv,1749776629,1749776629,1749776629
./20231011-batch-1-Plate1-A1-0716/Image.csv,1749776678,1749776678,1749776678
./20231011-batch-1-Plate1-A1-0682/Image.csv,1749777220,1749777221,1749777221
./20231011-batch-1-Plate1-A1-0351/Image.csv,1749776605,1749776605,1749776605
./20231011-batch-1-Plate1-A1-0326/Image.csv,1749779307,1749779308,1749779308
./20231011-batch-1-Plate1-A1-0518/Image.csv,1749780224,1749780224,1749780224
./20231011-batch-1-Plate1-A1-0942/Image.csv,1749778691,1749778691,1749778691
./20231011-batch-1-Plate1-A1-0935/Image.csv,1749780491,1749780491,1749780491
./20231011-batch-1-Plate1-A1-0581/Image.csv,1749779262,1749779263,1749779263
./20231011-batch-1-Plate1-A1-0415/Image.csv,1749780480,1749780480,1749780480
./20231011-batch-1-Plate1-A1-0462/Image.csv,1749778728,1749778728,1749778728
./20231011-batch-1-Plate1-A1-0838/Image.csv,1749777703,1749777703,1749777703
./20231011-batch-1-Plate1-A1-0128/Image.csv,1749778202,1749778202,1749778202
./20231011-batch-1-Plate1-A1-0025/Image.csv,1749779170,1749779170,1749779170
./20231011-batch-1-Plate1-A1-0052/Image.csv,1749776646,1749776646,1749776646
./20231011-batch-1-Plate1-A1-0155/Image.csv,1749776018,1749776018,1749776018
./20231011-batch-1-Plate1-A1-0122/Image.csv,1749779704,1749779704,1749779704
./20231011-batch-1-Plate1-A1-0058/Image.csv,1749780659,1749780659,1749780659
./20231011-batch-1-Plate1-A1-0565/Image.csv,1749776841,1749776842,1749776842
./20231011-batch-1-Plate1-A1-0512/Image.csv,1749776984,1749776985,1749776985
./20231011-batch-1-Plate1-A1-0486/Image.csv,1749777444,1749777444,1749777444
./20231011-batch-1-Plate1-A1-0948/Image.csv,1749778616,1749778616,1749778616
./20231011-batch-1-Plate1-A1-0468/Image.csv,1749777872,1749777872,1749777872
./20231011-batch-1-Plate1-A1-0832/Image.csv,1749781093,1749781093,1749781093
./20231011-batch-1-Plate1-A1-0845/Image.csv,1749778996,1749778997,1749778997
./20231011-batch-1-Plate1-A1-0465/Image.csv,1749781051,1749781051,1749781051
./20231011-batch-1-Plate1-A1-0412/Image.csv,1749778790,1749778790,1749778790
./20231011-batch-1-Plate1-A1-0848/Image.csv,1749779383,1749779383,1749779383
./20231011-batch-1-Plate1-A1-0586/Image.csv,1749779186,1749779186,1749779186
./20231011-batch-1-Plate1-A1-0568/Image.csv,1749779187,1749779188,1749779188
./20231011-batch-1-Plate1-A1-0932/Image.csv,1749776998,1749776998,1749776998
./20231011-batch-1-Plate1-A1-0945/Image.csv,1749781010,1749781010,1749781010
./20231011-batch-1-Plate1-A1-0055/Image.csv,1749779366,1749779366,1749779366
./20231011-batch-1-Plate1-A1-0022/Image.csv,1749777545,1749777545,1749777545
./20231011-batch-1-Plate1-A1-0158/Image.csv,1749777460,1749777460,1749777460
./20231011-batch-1-Plate1-A1-0028/Image.csv,1749780668,1749780668,1749780668
./20231011-batch-1-Plate1-A1-0125/Image.csv,1749777575,1749777575,1749777575
./20231011-batch-1-Plate1-A1-0152/Image.csv,1749781037,1749781037,1749781037
./20231011-batch-1-Plate1-A1-0418/Image.csv,1749778266,1749778266,1749778266
./20231011-batch-1-Plate1-A1-0842/Image.csv,1749777998,1749777998,1749777998
./20231011-batch-1-Plate1-A1-0835/Image.csv,1749780203,1749780203,1749780203
./20231011-batch-1-Plate1-A1-0481/Image.csv,1749776864,1749776864,1749776864
./20231011-batch-1-Plate1-A1-0515/Image.csv,1749778092,1749778092,1749778092
./20231011-batch-1-Plate1-A1-0562/Image.csv,1749777243,1749777244,1749777244
./20231011-batch-1-Plate1-A1-0938/Image.csv,1749780617,1749780617,1749780617
./20231011-batch-1-Plate1-A1-0251/Image.csv,1749778723,1749778723,1749778723
./20231011-batch-1-Plate1-A1-0226/Image.csv,1749776323,1749776323,1749776323
./20231011-batch-1-Plate1-A1-1009/Image.csv,1749777648,1749777648,1749777648
./20231011-batch-1-Plate1-A1-0661/Image.csv,1749777507,1749777507,1749777507
./20231011-batch-1-Plate1-A1-0616/Image.csv,1749777931,1749777931,1749777931
./20231011-batch-1-Plate1-A1-0782/Image.csv,1749777016,1749777017,1749777017
./20231011-batch-1-Plate1-A1-1003/Image.csv,1749778032,1749778032,1749778032
./20231011-batch-1-Plate1-A1-0685/Image.csv,1749780150,1749780150,1749780150
./20231011-batch-1-Plate1-A1-0711/Image.csv,1749776217,1749776217,1749776217
./20231011-batch-1-Plate1-A1-0766/Image.csv,1749779249,1749779249,1749779249
./20231011-batch-1-Plate1-A1-0788/Image.csv,1749778625,1749778625,1749778625
./20231011-batch-1-Plate1-A1-0321/Image.csv,1749777726,1749777726,1749777726
./20231011-batch-1-Plate1-A1-0356/Image.csv,1749778804,1749778804,1749778804
./20231011-batch-1-Plate1-A1-0010/Image.csv,1749780086,1749780087,1749780087
./20231011-batch-1-Plate1-A1-0184/Image.csv,1749776961,1749776961,1749776961
./20231011-batch-1-Plate1-A1-0067/Image.csv,1749779085,1749779086,1749779086
./20231011-batch-1-Plate1-A1-0089/Image.csv,1749777614,1749777614,1749777614
./20231011-batch-1-Plate1-A1-0420/Image.csv,1749780022,1749780023,1749780023
./20231011-batch-1-Plate1-A1-0999/Image.csv,1749777404,1749777404,1749777404
./20231011-batch-1-Plate1-A1-0457/Image.csv,1749777444,1749777444,1749777444
./20231011-batch-1-Plate1-A1-0977/Image.csv,1749777903,1749777904,1749777904
./20231011-batch-1-Plate1-A1-0900/Image.csv,1749778745,1749778745,1749778745
./20231011-batch-1-Plate1-A1-0894/Image.csv,1749778178,1749778178,1749778178
./20231011-batch-1-Plate1-A1-0993/Image.csv,1749777280,1749777280,1749777280
./20231011-batch-1-Plate1-A1-0807/Image.csv,1749780025,1749780025,1749780025
./20231011-batch-1-Plate1-A1-0870/Image.csv,1749776542,1749776543,1749776543
./20231011-batch-1-Plate1-A1-0550/Image.csv,1749778814,1749778815,1749778815
./20231011-batch-1-Plate1-A1-0527/Image.csv,1749776176,1749776176,1749776176
./20231011-batch-1-Plate1-A1-0160/Image.csv,1749781092,1749781092,1749781092
./20231011-batch-1-Plate1-A1-0083/Image.csv,1749780185,1749780185,1749780185
./20231011-batch-1-Plate1-A1-0117/Image.csv,1749777469,1749777469,1749777469
./20231011-batch-1-Plate1-A1-0729/Image.csv,1749780578,1749780579,1749780579
./20231011-batch-1-Plate1-A1-0624/Image.csv,1749780292,1749780293,1749780293
./20231011-batch-1-Plate1-A1-0653/Image.csv,1749779529,1749779530,1749779530
./20231011-batch-1-Plate1-A1-0319/Image.csv,1749777702,1749777702,1749777702
./20231011-batch-1-Plate1-A1-0214/Image.csv,1749776829,1749776829,1749776829
./20231011-batch-1-Plate1-A1-0380/Image.csv,1749779058,1749779058,1749779058
./20231011-batch-1-Plate1-A1-0263/Image.csv,1749776896,1749776897,1749776897
./20231011-batch-1-Plate1-A1-0364/Image.csv,1749780172,1749780172,1749780172
./20231011-batch-1-Plate1-A1-0287/Image.csv,1749777958,1749777959,1749777959
./20231011-batch-1-Plate1-A1-0313/Image.csv,1749780085,1749780085,1749780085
./20231011-batch-1-Plate1-A1-0269/Image.csv,1749777385,1749777385,1749777385
./20231011-batch-1-Plate1-A1-0754/Image.csv,1749778825,1749778825,1749778825
./20231011-batch-1-Plate1-A1-0723/Image.csv,1749777836,1749777836,1749777836
./20231011-batch-1-Plate1-A1-0659/Image.csv,1749779848,1749779848,1749779848
./20231011-batch-1-Plate1-A1-0492/Image.csv,1749777765,1749777765,1749777765
./20231011-batch-1-Plate1-A1-0506/Image.csv,1749780599,1749780599,1749780599
./20231011-batch-1-Plate1-A1-0571/Image.csv,1749778233,1749778233,1749778233
./20231011-batch-1-Plate1-A1-0851/Image.csv,1749776065,1749776065,1749776065
./20231011-batch-1-Plate1-A1-0826/Image.csv,1749777336,1749777336,1749777336
./20231011-batch-1-Plate1-A1-0136/Image.csv,1749779193,1749779194,1749779194
./20231011-batch-1-Plate1-A1-0141/Image.csv,1749777557,1749777557,1749777557
./20231011-batch-1-Plate1-A1-0046/Image.csv,1749778385,1749778385,1749778385
./20231011-batch-1-Plate1-A1-0031/Image.csv,1749780120,1749780120,1749780120
./20231011-batch-1-Plate1-A1-0921/Image.csv,1749778782,1749778782,1749778782
./20231011-batch-1-Plate1-A1-0956/Image.csv,1749780160,1749780160,1749780160
./20231011-batch-1-Plate1-A1-0498/Image.csv,1749779035,1749779035,1749779035
./20231011-batch-1-Plate1-A1-0476/Image.csv,1749780533,1749780533,1749780533
./20231011-batch-1-Plate1-A1-0401/Image.csv,1749777477,1749777477,1749777477
./20231011-batch-1-Plate1-A1-0595/Image.csv,1749780842,1749780843,1749780843
./20231011-batch-1-Plate1-A1-0248/Image.csv,1749777348,1749777348,1749777348
./20231011-batch-1-Plate1-A1-0332/Image.csv,1749778686,1749778686,1749778686
./20231011-batch-1-Plate1-A1-0345/Image.csv,1749778794,1749778794,1749778794
./20231011-batch-1-Plate1-A1-1010/Image.csv,1749780125,1749780125,1749780125
./20231011-batch-1-Plate1-A1-0678/Image.csv,1749779491,1749779492,1749779492
./20231011-batch-1-Plate1-A1-0696/Image.csv,1749777861,1749777861,1749777861
./20231011-batch-1-Plate1-A1-0702/Image.csv,1749777589,1749777589,1749777589
./20231011-batch-1-Plate1-A1-0775/Image.csv,1749780559,1749780559,1749780559
./20231011-batch-1-Plate1-A1-0672/Image.csv,1749777208,1749777208,1749777208
./20231011-batch-1-Plate1-A1-0605/Image.csv,1749777128,1749777128,1749777128
./20231011-batch-1-Plate1-A1-0791/Image.csv,1749779327,1749779327,1749779327
./20231011-batch-1-Plate1-A1-0708/Image.csv,1749777642,1749777642,1749777642
./20231011-batch-1-Plate1-A1-0242/Image.csv,1749778063,1749778063,1749778063
./20231011-batch-1-Plate1-A1-0235/Image.csv,1749779195,1749779196,1749779196
./20231011-batch-1-Plate1-A1-0338/Image.csv,1749781095,1749781095,1749781095
./20231011-batch-1-Plate1-A1-0173/Image.csv,1749777207,1749777207,1749777207
./20231011-batch-1-Plate1-A1-0090/Image.csv,1749780957,1749780958,1749780958
./20231011-batch-1-Plate1-A1-0104/Image.csv,1749777706,1749777707,1749777707
./20231011-batch-1-Plate1-A1-0009/Image.csv,1749781028,1749781028,1749781028
./20231011-batch-1-Plate1-A1-0919/Image.csv,1749777119,1749777119,1749777119
./20231011-batch-1-Plate1-A1-0543/Image.csv,1749780300,1749780300,1749780300
./20231011-batch-1-Plate1-A1-0534/Image.csv,1749781047,1749781047,1749781047
./20231011-batch-1-Plate1-A1-0980/Image.csv,1749777933,1749777933,1749777933
./20231011-batch-1-Plate1-A1-0814/Image.csv,1749776251,1749776251,1749776251
./20231011-batch-1-Plate1-A1-0863/Image.csv,1749781087,1749781087,1749781087
./20231011-batch-1-Plate1-A1-0439/Image.csv,1749780354,1749780354,1749780354
./20231011-batch-1-Plate1-A1-0964/Image.csv,1749778059,1749778059,1749778059
./20231011-batch-1-Plate1-A1-0913/Image.csv,1749780878,1749780878,1749780878
./20231011-batch-1-Plate1-A1-0887/Image.csv,1749779666,1749779666,1749779666
./20231011-batch-1-Plate1-A1-0549/Image.csv,1749777482,1749777482,1749777482
./20231011-batch-1-Plate1-A1-0869/Image.csv,1749778215,1749778215,1749778215
./20231011-batch-1-Plate1-A1-0433/Image.csv,1749777385,1749777385,1749777385
./20231011-batch-1-Plate1-A1-0444/Image.csv,1749778049,1749778049,1749778049
./20231011-batch-1-Plate1-A1-0179/Image.csv,1749778691,1749778691,1749778691
./20231011-batch-1-Plate1-A1-0003/Image.csv,1749780246,1749780246,1749780246
./20231011-batch-1-Plate1-A1-0197/Image.csv,1749779876,1749779877,1749779877
./20231011-batch-1-Plate1-A1-0074/Image.csv,1749781077,1749781077,1749781077
./20231011-batch-1-Plate1-A1-0747/Image.csv,1749776278,1749776278,1749776278
./20231011-batch-1-Plate1-A1-0730/Image.csv,1749776521,1749776521,1749776521
./20231011-batch-1-Plate1-A1-1022/Image.csv,1749780475,1749780475,1749780475
./20231011-batch-1-Plate1-A1-0399/Image.csv,1749778177,1749778178,1749778178
./20231011-batch-1-Plate1-A1-0377/Image.csv,1749781015,1749781015,1749781015
./20231011-batch-1-Plate1-A1-0294/Image.csv,1749776861,1749776862,1749776862
./20231011-batch-1-Plate1-A1-0300/Image.csv,1749779805,1749779805,1749779805
./20231011-batch-1-Plate1-A1-0207/Image.csv,1749781078,1749781078,1749781078
./20231011-batch-1-Plate1-A1-0393/Image.csv,1749776032,1749776032,1749776032
./20231011-batch-1-Plate1-A1-0270/Image.csv,1749778110,1749778110,1749778110
./20231011-batch-1-Plate1-A1-0637/Image.csv,1749781061,1749781061,1749781061
./20231011-batch-1-Plate1-A1-0640/Image.csv,1749780248,1749780248,1749780248
./20231011-batch-1-Plate1-A1-0330/Image.csv,1749778034,1749778035,1749778035
./20231011-batch-1-Plate1-A1-0347/Image.csv,1749780437,1749780437,1749780437
./20231011-batch-1-Plate1-A1-0799/Image.csv,1749776573,1749776574,1749776574
./20231011-batch-1-Plate1-A1-0694/Image.csv,1749779500,1749779500,1749779500
./20231011-batch-1-Plate1-A1-0700/Image.csv,1749779352,1749779352,1749779352
./20231011-batch-1-Plate1-A1-0777/Image.csv,1749777824,1749777824,1749777824
./20231011-batch-1-Plate1-A1-1012/Image.csv,1749780725,1749780725,1749780725
./20231011-batch-1-Plate1-A1-0670/Image.csv,1749777442,1749777442,1749777442
./20231011-batch-1-Plate1-A1-0607/Image.csv,1749781080,1749781080,1749781080
./20231011-batch-1-Plate1-A1-0793/Image.csv,1749779877,1749779878,1749779878
./20231011-batch-1-Plate1-A1-1018/Image.csv,1749779028,1749779028,1749779028
./20231011-batch-1-Plate1-A1-0240/Image.csv,1749780825,1749780825,1749780825
./20231011-batch-1-Plate1-A1-0237/Image.csv,1749776885,1749776885,1749776885
./20231011-batch-1-Plate1-A1-0490/Image.csv,1749779105,1749779105,1749779105
./20231011-batch-1-Plate1-A1-0504/Image.csv,1749780214,1749780214,1749780214
./20231011-batch-1-Plate1-A1-0573/Image.csv,1749777957,1749777957,1749777957
./20231011-batch-1-Plate1-A1-0929/Image.csv,1749778252,1749778252,1749778252
./20231011-batch-1-Plate1-A1-0409/Image.csv,1749781071,1749781071,1749781071
./20231011-batch-1-Plate1-A1-0853/Image.csv,1749779871,1749779872,1749779872
./20231011-batch-1-Plate1-A1-0824/Image.csv,1749776555,1749776556,1749776556
./20231011-batch-1-Plate1-A1-0134/Image.csv,1749778990,1749778990,1749778990
./20231011-batch-1-Plate1-A1-0143/Image.csv,1749777642,1749777642,1749777642
./20231011-batch-1-Plate1-A1-0039/Image.csv,1749778639,1749778639,1749778639
./20231011-batch-1-Plate1-A1-0149/Image.csv,1749780749,1749780749,1749780749
./20231011-batch-1-Plate1-A1-0044/Image.csv,1749776924,1749776924,1749776924
./20231011-batch-1-Plate1-A1-0033/Image.csv,1749776788,1749776788,1749776788
./20231011-batch-1-Plate1-A1-0579/Image.csv,1749780113,1749780113,1749780113
./20231011-batch-1-Plate1-A1-0923/Image.csv,1749779106,1749779107,1749779107
./20231011-batch-1-Plate1-A1-0954/Image.csv,1749778476,1749778476,1749778476
./20231011-batch-1-Plate1-A1-0474/Image.csv,1749779346,1749779346,1749779346
./20231011-batch-1-Plate1-A1-0403/Image.csv,1749779354,1749779354,1749779354
./20231011-batch-1-Plate1-A1-0859/Image.csv,1749777591,1749777591,1749777591
./20231011-batch-1-Plate1-A1-0597/Image.csv,1749777108,1749777108,1749777108
./20231011-batch-1-Plate1-A1-1020/Image.csv,1749777181,1749777181,1749777181
./20231011-batch-1-Plate1-A1-0648/Image.csv,1749780379,1749780379,1749780379
./20231011-batch-1-Plate1-A1-0745/Image.csv,1749778763,1749778763,1749778763
./20231011-batch-1-Plate1-A1-0732/Image.csv,1749780702,1749780702,1749780702
./20231011-batch-1-Plate1-A1-0278/Image.csv,1749780512,1749780513,1749780513
./20231011-batch-1-Plate1-A1-0375/Image.csv,1749780818,1749780818,1749780818
./20231011-batch-1-Plate1-A1-0296/Image.csv,1749777353,1749777353,1749777353
./20231011-batch-1-Plate1-A1-0302/Image.csv,1749777672,1749777672,1749777672
./20231011-batch-1-Plate1-A1-0205/Image.csv,1749779480,1749779480,1749779480
./20231011-batch-1-Plate1-A1-0391/Image.csv,1749778291,1749778291,1749778291
./20231011-batch-1-Plate1-A1-0272/Image.csv,1749779580,1749779580,1749779580
./20231011-batch-1-Plate1-A1-0308/Image.csv,1749777194,1749777195,1749777195
./20231011-batch-1-Plate1-A1-0635/Image.csv,1749780635,1749780635,1749780635
./20231011-batch-1-Plate1-A1-0642/Image.csv,1749779193,1749779193,1749779193
./20231011-batch-1-Plate1-A1-0738/Image.csv,1749780646,1749780647,1749780647
./20231011-batch-1-Plate1-A1-0171/Image.csv,1749776299,1749776299,1749776299
./20231011-batch-1-Plate1-A1-0092/Image.csv,1749777225,1749777225,1749777225
./20231011-batch-1-Plate1-A1-0106/Image.csv,1749776553,1749776553,1749776553
./20231011-batch-1-Plate1-A1-0541/Image.csv,1749779298,1749779299,1749779299
./20231011-batch-1-Plate1-A1-0536/Image.csv,1749781065,1749781066,1749781066
./20231011-batch-1-Plate1-A1-0982/Image.csv,1749777633,1749777634,1749777634
./20231011-batch-1-Plate1-A1-0816/Image.csv,1749780968,1749780968,1749780968
./20231011-batch-1-Plate1-A1-0861/Image.csv,1749780504,1749780505,1749780505
./20231011-batch-1-Plate1-A1-0966/Image.csv,1749779031,1749779031,1749779031
./20231011-batch-1-Plate1-A1-0911/Image.csv,1749779585,1749779585,1749779585
./20231011-batch-1-Plate1-A1-0885/Image.csv,1749780263,1749780263,1749780263
./20231011-batch-1-Plate1-A1-0431/Image.csv,1749779182,1749779182,1749779182
./20231011-batch-1-Plate1-A1-0988/Image.csv,1749776338,1749776339,1749776339
./20231011-batch-1-Plate1-A1-0446/Image.csv,1749779829,1749779830,1749779830
./20231011-batch-1-Plate1-A1-0098/Image.csv,1749779463,1749779464,1749779464
./20231011-batch-1-Plate1-A1-0001/Image.csv,1749777311,1749777312,1749777312
./20231011-batch-1-Plate1-A1-0195/Image.csv,1749777000,1749777000,1749777000
./20231011-batch-1-Plate1-A1-0076/Image.csv,1749777214,1749777215,1749777215
./20231011-batch-1-Plate1-A1-0329/Image.csv,1749779284,1749779285,1749779285
./20231011-batch-1-Plate1-A1-0253/Image.csv,1749779692,1749779692,1749779692
./20231011-batch-1-Plate1-A1-0224/Image.csv,1749776957,1749776957,1749776957
./20231011-batch-1-Plate1-A1-0719/Image.csv,1749780999,1749781000,1749781000
./20231011-batch-1-Plate1-A1-0663/Image.csv,1749779521,1749779522,1749779522
./20231011-batch-1-Plate1-A1-0614/Image.csv,1749778318,1749778318,1749778318
./20231011-batch-1-Plate1-A1-0780/Image.csv,1749777958,1749777958,1749777958
./20231011-batch-1-Plate1-A1-0687/Image.csv,1749776265,1749776265,1749776265
./20231011-batch-1-Plate1-A1-0713/Image.csv,1749779149,1749779149,1749779149
./20231011-batch-1-Plate1-A1-0764/Image.csv,1749778154,1749778154,1749778154
./20231011-batch-1-Plate1-A1-0669/Image.csv,1749781063,1749781063,1749781063
./20231011-batch-1-Plate1-A1-1001/Image.csv,1749778916,1749778917,1749778917
./20231011-batch-1-Plate1-A1-0323/Image.csv,1749778884,1749778884,1749778884
./20231011-batch-1-Plate1-A1-0354/Image.csv,1749778967,1749778968,1749778968
./20231011-batch-1-Plate1-A1-0259/Image.csv,1749778138,1749778139,1749778139
./20231011-batch-1-Plate1-A1-0467/Image.csv,1749777567,1749777567,1749777567
./20231011-batch-1-Plate1-A1-0410/Image.csv,1749779285,1749779285,1749779285
./20231011-batch-1-Plate1-A1-0584/Image.csv,1749778712,1749778713,1749778713
./20231011-batch-1-Plate1-A1-0930/Image.csv,1749778106,1749778106,1749778106
./20231011-batch-1-Plate1-A1-0947/Image.csv,1749780799,1749780800,1749780800
./20231011-batch-1-Plate1-A1-0489/Image.csv,1749776572,1749776572,1749776572
./20231011-batch-1-Plate1-A1-0057/Image.csv,1749777606,1749777606,1749777606
./20231011-batch-1-Plate1-A1-0020/Image.csv,1749779407,1749779407,1749779407
./20231011-batch-1-Plate1-A1-0127/Image.csv,1749777335,1749777336,1749777336
./20231011-batch-1-Plate1-A1-0150/Image.csv,1749780054,1749780056,1749780056
./20231011-batch-1-Plate1-A1-0840/Image.csv,1749777820,1749777821,1749777821
./20231011-batch-1-Plate1-A1-0837/Image.csv,1749780991,1749780991,1749780991
./20231011-batch-1-Plate1-A1-0483/Image.csv,1749780604,1749780605,1749780605
./20231011-batch-1-Plate1-A1-0517/Image.csv,1749777071,1749777072,1749777072
./20231011-batch-1-Plate1-A1-0560/Image.csv,1749780441,1749780442,1749780442
./20231011-batch-1-Plate1-A1-0626/Image.csv,1749776823,1749776823,1749776823
./20231011-batch-1-Plate1-A1-0651/Image.csv,1749778871,1749778871,1749778871
./20231011-batch-1-Plate1-A1-0216/Image.csv,1749777226,1749777226,1749777226
./20231011-batch-1-Plate1-A1-0382/Image.csv,1749780034,1749780035,1749780035
./20231011-batch-1-Plate1-A1-0261/Image.csv,1749779293,1749779293,1749779293
./20231011-batch-1-Plate1-A1-0366/Image.csv,1749779232,1749779233,1749779233
./20231011-batch-1-Plate1-A1-0285/Image.csv,1749777788,1749777788,1749777788
./20231011-batch-1-Plate1-A1-0311/Image.csv,1749780990,1749780990,1749780990
./20231011-batch-1-Plate1-A1-0388/Image.csv,1749779839,1749779840,1749779840
./20231011-batch-1-Plate1-A1-0756/Image.csv,1749778682,1749778683,1749778683
./20231011-batch-1-Plate1-A1-0721/Image.csv,1749778643,1749778643,1749778643
./20231011-batch-1-Plate1-A1-0012/Image.csv,1749775968,1749775968,1749775968
./20231011-batch-1-Plate1-A1-0186/Image.csv,1749777721,1749777721,1749777721
./20231011-batch-1-Plate1-A1-0065/Image.csv,1749779751,1749779751,1749779751
./20231011-batch-1-Plate1-A1-0168/Image.csv,1749777436,1749777437,1749777437
./20231011-batch-1-Plate1-A1-0878/Image.csv,1749776637,1749776637,1749776637
./20231011-batch-1-Plate1-A1-0422/Image.csv,1749778339,1749778340,1749778340
./20231011-batch-1-Plate1-A1-0455/Image.csv,1749780310,1749780310,1749780310
./20231011-batch-1-Plate1-A1-0975/Image.csv,1749778128,1749778128,1749778128
./20231011-batch-1-Plate1-A1-0902/Image.csv,1749778164,1749778164,1749778164
./20231011-batch-1-Plate1-A1-0896/Image.csv,1749777851,1749777852,1749777852
./20231011-batch-1-Plate1-A1-0558/Image.csv,1749778636,1749778636,1749778636
./20231011-batch-1-Plate1-A1-0991/Image.csv,1749777741,1749777741,1749777741
./20231011-batch-1-Plate1-A1-0805/Image.csv,1749780777,1749780778,1749780778
./20231011-batch-1-Plate1-A1-0872/Image.csv,1749780819,1749780819,1749780819
./20231011-batch-1-Plate1-A1-0428/Image.csv,1749780281,1749780282,1749780282
./20231011-batch-1-Plate1-A1-0908/Image.csv,1749780689,1749780690,1749780690
./20231011-batch-1-Plate1-A1-0552/Image.csv,1749779637,1749779637,1749779637
./20231011-batch-1-Plate1-A1-0525/Image.csv,1749777062,1749777062,1749777062
./20231011-batch-1-Plate1-A1-0018/Image.csv,1749775963,1749775963,1749775963
./20231011-batch-1-Plate1-A1-0162/Image.csv,1749776604,1749776605,1749776605
./20231011-batch-1-Plate1-A1-0081/Image.csv,1749776298,1749776298,1749776298
./20231011-batch-1-Plate1-A1-0115/Image.csv,1749779212,1749779213,1749779213
./20231011-batch-1-Plate1-A1-0118/Image.csv,1749778883,1749778884,1749778884
./20231011-batch-1-Plate1-A1-0062/Image.csv,1749780145,1749780145,1749780145
./20231011-batch-1-Plate1-A1-0181/Image.csv,1749778653,1749778653,1749778653
./20231011-batch-1-Plate1-A1-0015/Image.csv,1749781081,1749781081,1749781081
./20231011-batch-1-Plate1-A1-0891/Image.csv,1749779337,1749779337,1749779337
./20231011-batch-1-Plate1-A1-0905/Image.csv,1749776244,1749776245,1749776245
./20231011-batch-1-Plate1-A1-0972/Image.csv,1749777113,1749777114,1749777114
./20231011-batch-1-Plate1-A1-0528/Image.csv,1749779053,1749779053,1749779053
./20231011-batch-1-Plate1-A1-0808/Image.csv,1749781044,1749781045,1749781045
./20231011-batch-1-Plate1-A1-0452/Image.csv,1749776904,1749776904,1749776904
./20231011-batch-1-Plate1-A1-0425/Image.csv,1749780273,1749780273,1749780273
./20231011-batch-1-Plate1-A1-0978/Image.csv,1749778455,1749778455,1749778455
./20231011-batch-1-Plate1-A1-0522/Image.csv,1749778979,1749778979,1749778979
./20231011-batch-1-Plate1-A1-0555/Image.csv,1749778059,1749778060,1749778060
./20231011-batch-1-Plate1-A1-0875/Image.csv,1749777772,1749777773,1749777773
./20231011-batch-1-Plate1-A1-0802/Image.csv,1749780601,1749780601,1749780601
./20231011-batch-1-Plate1-A1-0458/Image.csv,1749780441,1749780441,1749780441
./20231011-batch-1-Plate1-A1-0996/Image.csv,1749776188,1749776188,1749776188
./20231011-batch-1-Plate1-A1-0112/Image.csv,1749776986,1749776986,1749776986
./20231011-batch-1-Plate1-A1-0086/Image.csv,1749778049,1749778049,1749778049
./20231011-batch-1-Plate1-A1-0165/Image.csv,1749779432,1749779432,1749779432
./20231011-batch-1-Plate1-A1-0068/Image.csv,1749780239,1749780239,1749780239
./20231011-batch-1-Plate1-A1-0656/Image.csv,1749776546,1749776547,1749776547
./20231011-batch-1-Plate1-A1-0621/Image.csv,1749780287,1749780287,1749780287
./20231011-batch-1-Plate1-A1-0266/Image.csv,1749779897,1749779897,1749779897
./20231011-batch-1-Plate1-A1-0385/Image.csv,1749780886,1749780886,1749780886
./20231011-batch-1-Plate1-A1-0211/Image.csv,1749776653,1749776653,1749776653
./20231011-batch-1-Plate1-A1-0288/Image.csv,1749776045,1749776045,1749776045
./20231011-batch-1-Plate1-A1-0316/Image.csv,1749778872,1749778872,1749778872
./20231011-batch-1-Plate1-A1-0282/Image.csv,1749780609,1749780609,1749780609
./20231011-batch-1-Plate1-A1-0361/Image.csv,1749779167,1749779168,1749779168
./20231011-batch-1-Plate1-A1-0726/Image.csv,1749780151,1749780151,1749780151
./20231011-batch-1-Plate1-A1-0751/Image.csv,1749776939,1749776940,1749776940
./20231011-batch-1-Plate1-A1-0940/Image.csv,1749777533,1749777534,1749777534
./20231011-batch-1-Plate1-A1-0937/Image.csv,1749778040,1749778040,1749778040
./20231011-batch-1-Plate1-A1-0583/Image.csv,1749777545,1749777545,1749777545
./20231011-batch-1-Plate1-A1-0417/Image.csv,1749780661,1749780662,1749780662
./20231011-batch-1-Plate1-A1-0460/Image.csv,1749778682,1749778683,1749778683
./20231011-batch-1-Plate1-A1-0027/Image.csv,1749780019,1749780019,1749780019
./20231011-batch-1-Plate1-A1-0050/Image.csv,1749780825,1749780826,1749780826
./20231011-batch-1-Plate1-A1-0157/Image.csv,1749779101,1749779102,1749779102
./20231011-batch-1-Plate1-A1-0120/Image.csv,1749780941,1749780942,1749780942
./20231011-batch-1-Plate1-A1-0567/Image.csv,1749779315,1749779316,1749779316
./20231011-batch-1-Plate1-A1-0510/Image.csv,1749777243,1749777243,1749777243
./20231011-batch-1-Plate1-A1-0484/Image.csv,1749779767,1749779768,1749779768
./20231011-batch-1-Plate1-A1-0830/Image.csv,1749778831,1749778831,1749778831
./20231011-batch-1-Plate1-A1-0589/Image.csv,1749780191,1749780191,1749780191
./20231011-batch-1-Plate1-A1-0847/Image.csv,1749777415,1749777415,1749777415
./20231011-batch-1-Plate1-A1-0223/Image.csv,1749777395,1749777396,1749777396
./20231011-batch-1-Plate1-A1-0254/Image.csv,1749780794,1749780795,1749780795
./20231011-batch-1-Plate1-A1-0359/Image.csv,1749780831,1749780831,1749780831
./20231011-batch-1-Plate1-A1-0787/Image.csv,1749776269,1749776270,1749776270
./20231011-batch-1-Plate1-A1-0613/Image.csv,1749777288,1749777289,1749777289
./20231011-batch-1-Plate1-A1-0664/Image.csv,1749776679,1749776679,1749776679
./20231011-batch-1-Plate1-A1-0769/Image.csv,1749776961,1749776961,1749776961
./20231011-batch-1-Plate1-A1-0619/Image.csv,1749777386,1749777386,1749777386
./20231011-batch-1-Plate1-A1-0763/Image.csv,1749777397,1749777397,1749777397
./20231011-batch-1-Plate1-A1-0714/Image.csv,1749777883,1749777883,1749777883
./20231011-batch-1-Plate1-A1-0680/Image.csv,1749780234,1749780234,1749780234
./20231011-batch-1-Plate1-A1-1006/Image.csv,1749776976,1749776976,1749776976
./20231011-batch-1-Plate1-A1-0229/Image.csv,1749779305,1749779305,1749779305
./20231011-batch-1-Plate1-A1-0353/Image.csv,1749780713,1749780713,1749780713
./20231011-batch-1-Plate1-A1-0324/Image.csv,1749777809,1749777809,1749777809
./20231011-batch-1-Plate1-A1-0198/Image.csv,1749777655,1749777655,1749777655
./20231011-batch-1-Plate1-A1-0101/Image.csv,1749779076,1749779076,1749779076
./20231011-batch-1-Plate1-A1-0095/Image.csv,1749777193,1749777193,1749777193
./20231011-batch-1-Plate1-A1-0176/Image.csv,1749780444,1749780445,1749780445
./20231011-batch-1-Plate1-A1-0866/Image.csv,1749781062,1749781063,1749781063
./20231011-batch-1-Plate1-A1-0811/Image.csv,1749778899,1749778900,1749778900
./20231011-batch-1-Plate1-A1-0985/Image.csv,1749780741,1749780742,1749780742
./20231011-batch-1-Plate1-A1-0531/Image.csv,1749778503,1749778503,1749778503
./20231011-batch-1-Plate1-A1-0546/Image.csv,1749779277,1749779278,1749779278
./20231011-batch-1-Plate1-A1-0888/Image.csv,1749777230,1749777231,1749777231
./20231011-batch-1-Plate1-A1-0441/Image.csv,1749779926,1749779926,1749779926
./20231011-batch-1-Plate1-A1-0436/Image.csv,1749780739,1749780739,1749780739
./20231011-batch-1-Plate1-A1-0882/Image.csv,1749777174,1749777174,1749777174
./20231011-batch-1-Plate1-A1-0916/Image.csv,1749781051,1749781052,1749781052
./20231011-batch-1-Plate1-A1-0961/Image.csv,1749779080,1749779081,1749779081
./20231011-batch-1-Plate1-A1-0071/Image.csv,1749778658,1749778660,1749778660
./20231011-batch-1-Plate1-A1-0192/Image.csv,1749780241,1749780241,1749780241
./20231011-batch-1-Plate1-A1-0006/Image.csv,1749778596,1749778597,1749778597
./20231011-batch-1-Plate1-A1-0735/Image.csv,1749776339,1749776340,1749776340
./20231011-batch-1-Plate1-A1-0742/Image.csv,1749779985,1749779985,1749779985
./20231011-batch-1-Plate1-A1-0638/Image.csv,1749777604,1749777605,1749777605
./20231011-batch-1-Plate1-A1-0305/Image.csv,1749781072,1749781072,1749781072
./20231011-batch-1-Plate1-A1-0291/Image.csv,1749780493,1749780494,1749780494
./20231011-batch-1-Plate1-A1-0372/Image.csv,1749775948,1749775948,1749775948
./20231011-batch-1-Plate1-A1-0208/Image.csv,1749778155,1749778155,1749778155
./20231011-batch-1-Plate1-A1-0378/Image.csv,1749780854,1749780854,1749780854
./20231011-batch-1-Plate1-A1-0275/Image.csv,1749778099,1749778100,1749778100
./20231011-batch-1-Plate1-A1-0396/Image.csv,1749777007,1749777008,1749777008
./20231011-batch-1-Plate1-A1-0202/Image.csv,1749779089,1749779089,1749779089
./20231011-batch-1-Plate1-A1-0748/Image.csv,1749778837,1749778838,1749778838
./20231011-batch-1-Plate1-A1-0645/Image.csv,1749778235,1749778235,1749778235
./20231011-batch-1-Plate1-A1-0632/Image.csv,1749777987,1749777987,1749777987
./20231011-batch-1-Plate1-A1-0479/Image.csv,1749778608,1749778608,1749778608
./20231011-batch-1-Plate1-A1-0823/Image.csv,1749780856,1749780856,1749780856
./20231011-batch-1-Plate1-A1-0854/Image.csv,1749780226,1749780227,1749780227
./20231011-batch-1-Plate1-A1-0574/Image.csv,1749777098,1749777098,1749777098
./20231011-batch-1-Plate1-A1-0503/Image.csv,1749778292,1749778293,1749778293
./20231011-batch-1-Plate1-A1-0497/Image.csv,1749777902,1749777902,1749777902
./20231011-batch-1-Plate1-A1-0959/Image.csv,1749781102,1749781102,1749781102
./20231011-batch-1-Plate1-A1-0049/Image.csv,1749778273,1749778273,1749778273
./20231011-batch-1-Plate1-A1-0144/Image.csv,1749777478,1749777478,1749777478
./20231011-batch-1-Plate1-A1-0133/Image.csv,1749777997,1749777997,1749777997
./20231011-batch-1-Plate1-A1-0034/Image.csv,1749778540,1749778541,1749778541
./20231011-batch-1-Plate1-A1-0043/Image.csv,1749777707,1749777707,1749777707
./20231011-batch-1-Plate1-A1-0139/Image.csv,1749777279,1749777279,1749777279
./20231011-batch-1-Plate1-A1-0590/Image.csv,1749780345,1749780345,1749780345
./20231011-batch-1-Plate1-A1-0404/Image.csv,1749778763,1749778763,1749778763
./20231011-batch-1-Plate1-A1-0473/Image.csv,1749779647,1749779647,1749779647
./20231011-batch-1-Plate1-A1-0829/Image.csv,1749777629,1749777629,1749777629
./20231011-batch-1-Plate1-A1-0509/Image.csv,1749778749,1749778749,1749778749
./20231011-batch-1-Plate1-A1-0953/Image.csv,1749778666,1749778666,1749778666
./20231011-batch-1-Plate1-A1-0924/Image.csv,1749779811,1749779812,1749779812
./20231011-batch-1-Plate1-A1-0340/Image.csv,1749781027,1749781027,1749781027
./20231011-batch-1-Plate1-A1-0337/Image.csv,1749779325,1749779327,1749779327
./20231011-batch-1-Plate1-A1-0770/Image.csv,1749776650,1749776650,1749776650
./20231011-batch-1-Plate1-A1-0707/Image.csv,1749778101,1749778101,1749778101
./20231011-batch-1-Plate1-A1-0693/Image.csv,1749778643,1749778644,1749778644
./20231011-batch-1-Plate1-A1-1015/Image.csv,1749778485,1749778485,1749778485
./20231011-batch-1-Plate1-A1-0699/Image.csv,1749778185,1749778185,1749778185
./20231011-batch-1-Plate1-A1-0794/Image.csv,1749776009,1749776010,1749776010
./20231011-batch-1-Plate1-A1-0600/Image.csv,1749776452,1749776453,1749776453
./20231011-batch-1-Plate1-A1-0677/Image.csv,1749777896,1749777897,1749777897
./20231011-batch-1-Plate1-A1-0230/Image.csv,1749781054,1749781054,1749781054
./20231011-batch-1-Plate1-A1-0247/Image.csv,1749776658,1749776658,1749776658
./20231011-batch-1-Plate1-A1-0499/Image.csv,1749776927,1749776927,1749776927
./20231011-batch-1-Plate1-A1-0957/Image.csv,1749780542,1749780542,1749780542
./20231011-batch-1-Plate1-A1-0920/Image.csv,1749781000,1749781001,1749781001
./20231011-batch-1-Plate1-A1-0400/Image.csv,1749779495,1749779496,1749779496
./20231011-batch-1-Plate1-A1-0594/Image.csv,1749780909,1749780909,1749780909
./20231011-batch-1-Plate1-A1-0477/Image.csv,1749776357,1749776357,1749776357
./20231011-batch-1-Plate1-A1-0030/Image.csv,1749780031,1749780031,1749780031
./20231011-batch-1-Plate1-A1-0047/Image.csv,1749780322,1749780323,1749780323
./20231011-batch-1-Plate1-A1-0140/Image.csv,1749781083,1749781083,1749781083
./20231011-batch-1-Plate1-A1-0137/Image.csv,1749780565,1749780565,1749780565
./20231011-batch-1-Plate1-A1-0570/Image.csv,1749779143,1749779144,1749779144
./20231011-batch-1-Plate1-A1-0493/Image.csv,1749777144,1749777144,1749777144
./20231011-batch-1-Plate1-A1-0507/Image.csv,1749780070,1749780070,1749780070
./20231011-batch-1-Plate1-A1-0827/Image.csv,1749778758,1749778759,1749778759
./20231011-batch-1-Plate1-A1-0850/Image.csv,1749776515,1749776515,1749776515
./20231011-batch-1-Plate1-A1-0234/Image.csv,1749777176,1749777176,1749777176
./20231011-batch-1-Plate1-A1-0243/Image.csv,1749776630,1749776631,1749776631
./20231011-batch-1-Plate1-A1-0339/Image.csv,1749779386,1749779386,1749779386
./20231011-batch-1-Plate1-A1-0604/Image.csv,1749778140,1749778140,1749778140
./20231011-batch-1-Plate1-A1-0790/Image.csv,1749781034,1749781034,1749781034
./20231011-batch-1-Plate1-A1-0673/Image.csv,1749779337,1749779337,1749779337
./20231011-batch-1-Plate1-A1-0709/Image.csv,1749780013,1749780013,1749780013
./20231011-batch-1-Plate1-A1-1011/Image.csv,1749780683,1749780683,1749780683
./20231011-batch-1-Plate1-A1-0679/Image.csv,1749780544,1749780544,1749780544
./20231011-batch-1-Plate1-A1-0774/Image.csv,1749780703,1749780703,1749780703
./20231011-batch-1-Plate1-A1-0697/Image.csv,1749779294,1749779294,1749779294
./20231011-batch-1-Plate1-A1-0703/Image.csv,1749779784,1749779784,1749779784
./20231011-batch-1-Plate1-A1-0249/Image.csv,1749779564,1749779564,1749779564
./20231011-batch-1-Plate1-A1-0344/Image.csv,1749778655,1749778655,1749778655
./20231011-batch-1-Plate1-A1-0333/Image.csv,1749777690,1749777690,1749777690
./20231011-batch-1-Plate1-A1-0178/Image.csv,1749780988,1749780988,1749780988
./20231011-batch-1-Plate1-A1-0075/Image.csv,1749781075,1749781075,1749781075
./20231011-batch-1-Plate1-A1-0002/Image.csv,1749779039,1749779039,1749779039
./20231011-batch-1-Plate1-A1-0196/Image.csv,1749781086,1749781086,1749781086
./20231011-batch-1-Plate1-A1-0912/Image.csv,1749779365,1749779365,1749779365
./20231011-batch-1-Plate1-A1-0548/Image.csv,1749776847,1749776847,1749776847
./20231011-batch-1-Plate1-A1-0886/Image.csv,1749781069,1749781070,1749781070
./20231011-batch-1-Plate1-A1-0965/Image.csv,1749780798,1749780798,1749780798
./20231011-batch-1-Plate1-A1-0445/Image.csv,1749780099,1749780100,1749780100
./20231011-batch-1-Plate1-A1-0868/Image.csv,1749779065,1749779065,1749779065
./20231011-batch-1-Plate1-A1-0432/Image.csv,1749777792,1749777793,1749777793
./20231011-batch-1-Plate1-A1-0535/Image.csv,1749777533,1749777534,1749777534
./20231011-batch-1-Plate1-A1-0918/Image.csv,1749779313,1749779313,1749779313
./20231011-batch-1-Plate1-A1-0542/Image.csv,1749780771,1749780772,1749780772
./20231011-batch-1-Plate1-A1-0862/Image.csv,1749780631,1749780631,1749780631
./20231011-batch-1-Plate1-A1-0438/Image.csv,1749779631,1749779631,1749779631
./20231011-batch-1-Plate1-A1-0981/Image.csv,1749776925,1749776926,1749776926
./20231011-batch-1-Plate1-A1-0815/Image.csv,1749778825,1749778825,1749778825
./20231011-batch-1-Plate1-A1-0091/Image.csv,1749780535,1749780535,1749780535
./20231011-batch-1-Plate1-A1-0105/Image.csv,1749780358,1749780358,1749780358
./20231011-batch-1-Plate1-A1-0172/Image.csv,1749780716,1749780716,1749780716
./20231011-batch-1-Plate1-A1-0008/Image.csv,1749777663,1749777663,1749777663
./20231011-batch-1-Plate1-A1-0641/Image.csv,1749776895,1749776895,1749776895
./20231011-batch-1-Plate1-A1-0636/Image.csv,1749780501,1749780502,1749780502
./20231011-batch-1-Plate1-A1-0271/Image.csv,1749777863,1749777864,1749777864
./20231011-batch-1-Plate1-A1-0206/Image.csv,1749779342,1749779343,1749779343
./20231011-batch-1-Plate1-A1-0392/Image.csv,1749780647,1749780651,1749780651
./20231011-batch-1-Plate1-A1-0398/Image.csv,1749780340,1749780340,1749780340
./20231011-batch-1-Plate1-A1-0295/Image.csv,1749776319,1749776319,1749776319
./20231011-batch-1-Plate1-A1-0301/Image.csv,1749779521,1749779521,1749779521
./20231011-batch-1-Plate1-A1-0376/Image.csv,1749779785,1749779785,1749779785
./20231011-batch-1-Plate1-A1-0731/Image.csv,1749776514,1749776515,1749776515
./20231011-batch-1-Plate1-A1-0746/Image.csv,1749779079,1749779080,1749779080
./20231011-batch-1-Plate1-A1-1023/Image.csv,1749779931,1749779931,1749779931
./20231011-batch-1-Plate1-A1-0834/Image.csv,1749779755,1749779756,1749779756
./20231011-batch-1-Plate1-A1-0419/Image.csv,1749778500,1749778500,1749778500
./20231011-batch-1-Plate1-A1-0843/Image.csv,1749779655,1749779655,1749779655
./20231011-batch-1-Plate1-A1-0563/Image.csv,1749779937,1749779938,1749779938
./20231011-batch-1-Plate1-A1-0939/Image.csv,1749777830,1749777830,1749777830
./20231011-batch-1-Plate1-A1-0480/Image.csv,1749780760,1749780760,1749780760
./20231011-batch-1-Plate1-A1-0514/Image.csv,1749777226,1749777226,1749777226
./20231011-batch-1-Plate1-A1-0029/Image.csv,1749779815,1749779815,1749779815
./20231011-batch-1-Plate1-A1-0153/Image.csv,1749776082,1749776082,1749776082
./20231011-batch-1-Plate1-A1-0124/Image.csv,1749780184,1749780184,1749780184
./20231011-batch-1-Plate1-A1-0023/Image.csv,1749780425,1749780425,1749780425
./20231011-batch-1-Plate1-A1-0054/Image.csv,1749778171,1749778172,1749778172
./20231011-batch-1-Plate1-A1-0159/Image.csv,1749776353,1749776353,1749776353
./20231011-batch-1-Plate1-A1-0413/Image.csv,1749780706,1749780706,1749780706
./20231011-batch-1-Plate1-A1-0587/Image.csv,1749778645,1749778645,1749778645
./20231011-batch-1-Plate1-A1-0849/Image.csv,1749780870,1749780870,1749780870
./20231011-batch-1-Plate1-A1-0464/Image.csv,1749777219,1749777219,1749777219
./20231011-batch-1-Plate1-A1-0944/Image.csv,1749778261,1749778261,1749778261
./20231011-batch-1-Plate1-A1-0569/Image.csv,1749776576,1749776576,1749776576
./20231011-batch-1-Plate1-A1-0933/Image.csv,1749777304,1749777305,1749777305
./20231011-batch-1-Plate1-A1-0357/Image.csv,1749779133,1749779133,1749779133
./20231011-batch-1-Plate1-A1-0320/Image.csv,1749777604,1749777604,1749777604
./20231011-batch-1-Plate1-A1-1002/Image.csv,1749778517,1749778517,1749778517
./20231011-batch-1-Plate1-A1-0767/Image.csv,1749780194,1749780194,1749780194
./20231011-batch-1-Plate1-A1-0684/Image.csv,1749779460,1749779460,1749779460
./20231011-batch-1-Plate1-A1-0710/Image.csv,1749778016,1749778016,1749778016
./20231011-batch-1-Plate1-A1-0789/Image.csv,1749779144,1749779144,1749779144
./20231011-batch-1-Plate1-A1-1008/Image.csv,1749780022,1749780022,1749780022
./20231011-batch-1-Plate1-A1-0617/Image.csv,1749778055,1749778055,1749778055
./20231011-batch-1-Plate1-A1-0783/Image.csv,1749780927,1749780927,1749780927
./20231011-batch-1-Plate1-A1-0660/Image.csv,1749781087,1749781087,1749781087
./20231011-batch-1-Plate1-A1-0227/Image.csv,1749776640,1749776640,1749776640
./20231011-batch-1-Plate1-A1-0250/Image.csv,1749779372,1749779372,1749779372
./20231011-batch-1-Plate1-A1-0082/Image.csv,1749778058,1749778058,1749778058
./20231011-batch-1-Plate1-A1-0116/Image.csv,1749777778,1749777778,1749777778
./20231011-batch-1-Plate1-A1-0161/Image.csv,1749780651,1749780651,1749780651
./20231011-batch-1-Plate1-A1-0871/Image.csv,1749780104,1749780105,1749780105
./20231011-batch-1-Plate1-A1-0992/Image.csv,1749777709,1749777709,1749777709
./20231011-batch-1-Plate1-A1-0806/Image.csv,1749777396,1749777397,1749777397
./20231011-batch-1-Plate1-A1-0526/Image.csv,1749780908,1749780908,1749780908
./20231011-batch-1-Plate1-A1-0551/Image.csv,1749779423,1749779423,1749779423
./20231011-batch-1-Plate1-A1-0456/Image.csv,1749780134,1749780134,1749780134
./20231011-batch-1-Plate1-A1-0998/Image.csv,1749778775,1749778775,1749778775
./20231011-batch-1-Plate1-A1-0421/Image.csv,1749777838,1749777838,1749777838
./20231011-batch-1-Plate1-A1-0901/Image.csv,1749777887,1749777888,1749777888
./20231011-batch-1-Plate1-A1-0895/Image.csv,1749777891,1749777891,1749777891
./20231011-batch-1-Plate1-A1-0976/Image.csv,1749779589,1749779589,1749779589
./20231011-batch-1-Plate1-A1-0066/Image.csv,1749781086,1749781086,1749781086
./20231011-batch-1-Plate1-A1-0011/Image.csv,1749779736,1749779736,1749779736
./20231011-batch-1-Plate1-A1-0185/Image.csv,1749780090,1749780090,1749780090
./20231011-batch-1-Plate1-A1-0088/Image.csv,1749777623,1749777623,1749777623
./20231011-batch-1-Plate1-A1-0722/Image.csv,1749778936,1749778937,1749778937
./20231011-batch-1-Plate1-A1-0755/Image.csv,1749779156,1749779157,1749779157
./20231011-batch-1-Plate1-A1-0658/Image.csv,1749778782,1749778782,1749778782
./20231011-batch-1-Plate1-A1-0286/Image.csv,1749778302,1749778303,1749778303
./20231011-batch-1-Plate1-A1-0312/Image.csv,1749781028,1749781028,1749781028
./20231011-batch-1-Plate1-A1-0365/Image.csv,1749777564,1749777564,1749777564
./20231011-batch-1-Plate1-A1-0268/Image.csv,1749778879,1749778879,1749778879
./20231011-batch-1-Plate1-A1-0318/Image.csv,1749778899,1749778899,1749778899
./20231011-batch-1-Plate1-A1-0262/Image.csv,1749776933,1749776934,1749776934
./20231011-batch-1-Plate1-A1-0215/Image.csv,1749776502,1749776503,1749776503
./20231011-batch-1-Plate1-A1-0381/Image.csv,1749777515,1749777515,1749777515
./20231011-batch-1-Plate1-A1-0728/Image.csv,1749781077,1749781077,1749781077
./20231011-batch-1-Plate1-A1-0652/Image.csv,1749777972,1749777972,1749777972
./20231011-batch-1-Plate1-A1-0625/Image.csv,1749778584,1749778585,1749778585
./20231011-batch-1-Plate1-A1-0628/Image.csv,1749780065,1749780065,1749780065
./20231011-batch-1-Plate1-A1-0752/Image.csv,1749777696,1749777696,1749777696
./20231011-batch-1-Plate1-A1-0725/Image.csv,1749776607,1749776607,1749776607
./20231011-batch-1-Plate1-A1-0218/Image.csv,1749780637,1749780637,1749780637
./20231011-batch-1-Plate1-A1-0362/Image.csv,1749777797,1749777797,1749777797
./20231011-batch-1-Plate1-A1-0315/Image.csv,1749779685,1749779685,1749779685
./20231011-batch-1-Plate1-A1-0281/Image.csv,1749779879,1749779879,1749779879
./20231011-batch-1-Plate1-A1-0386/Image.csv,1749779040,1749779040,1749779040
./20231011-batch-1-Plate1-A1-0212/Image.csv,1749780834,1749780834,1749780834
./20231011-batch-1-Plate1-A1-0265/Image.csv,1749778025,1749778025,1749778025
./20231011-batch-1-Plate1-A1-0368/Image.csv,1749779896,1749779896,1749779896
./20231011-batch-1-Plate1-A1-0622/Image.csv,1749777108,1749777108,1749777108
./20231011-batch-1-Plate1-A1-0655/Image.csv,1749779805,1749779805,1749779805
./20231011-batch-1-Plate1-A1-0758/Image.csv,1749780978,1749780978,1749780978
./20231011-batch-1-Plate1-A1-0166/Image.csv,1749779832,1749779832,1749779832
./20231011-batch-1-Plate1-A1-0111/Image.csv,1749776955,1749776955,1749776955
./20231011-batch-1-Plate1-A1-0085/Image.csv,1749777637,1749777637,1749777637
./20231011-batch-1-Plate1-A1-0188/Image.csv,1749780310,1749780311,1749780311
./20231011-batch-1-Plate1-A1-0898/Image.csv,1749776308,1749776308,1749776308
./20231011-batch-1-Plate1-A1-0556/Image.csv,1749779893,1749779894,1749779894
./20231011-batch-1-Plate1-A1-0521/Image.csv,1749778376,1749778376,1749778376
./20231011-batch-1-Plate1-A1-0801/Image.csv,1749777390,1749777391,1749777391
./20231011-batch-1-Plate1-A1-0995/Image.csv,1749776288,1749776288,1749776288
./20231011-batch-1-Plate1-A1-0876/Image.csv,1749777240,1749777241,1749777241
./20231011-batch-1-Plate1-A1-0971/Image.csv,1749777917,1749777917,1749777917
./20231011-batch-1-Plate1-A1-0892/Image.csv,1749780249,1749780249,1749780249
./20231011-batch-1-Plate1-A1-0906/Image.csv,1749780796,1749780796,1749780796
./20231011-batch-1-Plate1-A1-0426/Image.csv,1749781074,1749781074,1749781074
./20231011-batch-1-Plate1-A1-0451/Image.csv,1749776925,1749776925,1749776925
./20231011-batch-1-Plate1-A1-0182/Image.csv,1749777699,1749777699,1749777699
./20231011-batch-1-Plate1-A1-0016/Image.csv,1749777442,1749777442,1749777442
./20231011-batch-1-Plate1-A1-0061/Image.csv,1749780287,1749780288,1749780288
./20231011-batch-1-Plate1-A1-0327/Image.csv,1749779598,1749779598,1749779598
./20231011-batch-1-Plate1-A1-0350/Image.csv,1749778947,1749778948,1749778948
./20231011-batch-1-Plate1-A1-1005/Image.csv,1749776606,1749776606,1749776606
./20231011-batch-1-Plate1-A1-0717/Image.csv,1749777707,1749777707,1749777707
./20231011-batch-1-Plate1-A1-0683/Image.csv,1749780353,1749780353,1749780353
./20231011-batch-1-Plate1-A1-0760/Image.csv,1749780746,1749780746,1749780746
./20231011-batch-1-Plate1-A1-0667/Image.csv,1749779576,1749779576,1749779576
./20231011-batch-1-Plate1-A1-0784/Image.csv,1749781077,1749781077,1749781077
./20231011-batch-1-Plate1-A1-0610/Image.csv,1749778733,1749778733,1749778733
./20231011-batch-1-Plate1-A1-0689/Image.csv,1749776226,1749776227,1749776227
./20231011-batch-1-Plate1-A1-0257/Image.csv,1749780234,1749780234,1749780234
./20231011-batch-1-Plate1-A1-0220/Image.csv,1749778624,1749778624,1749778624
./20231011-batch-1-Plate1-A1-0513/Image.csv,1749777269,1749777270,1749777270
./20231011-batch-1-Plate1-A1-0949/Image.csv,1749778328,1749778328,1749778328
./20231011-batch-1-Plate1-A1-0487/Image.csv,1749780904,1749780905,1749780905
./20231011-batch-1-Plate1-A1-0564/Image.csv,1749778077,1749778077,1749778077
./20231011-batch-1-Plate1-A1-0844/Image.csv,1749780149,1749780150,1749780150
./20231011-batch-1-Plate1-A1-0469/Image.csv,1749780685,1749780685,1749780685
./20231011-batch-1-Plate1-A1-0833/Image.csv,1749778035,1749778035,1749778035
./20231011-batch-1-Plate1-A1-0123/Image.csv,1749779754,1749779754,1749779754
./20231011-batch-1-Plate1-A1-0154/Image.csv,1749780220,1749780220,1749780220
./20231011-batch-1-Plate1-A1-0059/Image.csv,1749781099,1749781099,1749781099
./20231011-batch-1-Plate1-A1-0129/Image.csv,1749776375,1749776375,1749776375
./20231011-batch-1-Plate1-A1-0053/Image.csv,1749777738,1749777738,1749777738
./20231011-batch-1-Plate1-A1-0024/Image.csv,1749780786,1749780786,1749780786
./20231011-batch-1-Plate1-A1-0934/Image.csv,1749779610,1749779610,1749779610
./20231011-batch-1-Plate1-A1-0519/Image.csv,1749780005,1749780006,1749780006
./20231011-batch-1-Plate1-A1-0943/Image.csv,1749780112,1749780113,1749780113
./20231011-batch-1-Plate1-A1-0463/Image.csv,1749779262,1749779263,1749779263
./20231011-batch-1-Plate1-A1-0839/Image.csv,1749778713,1749778713,1749778713
./20231011-batch-1-Plate1-A1-0580/Image.csv,1749776164,1749776164,1749776164
./20231011-batch-1-Plate1-A1-0414/Image.csv,1749779537,1749779537,1749779537
./20231011-batch-1-Plate1-A1-0631/Image.csv,1749780003,1749780003,1749780003
./20231011-batch-1-Plate1-A1-0646/Image.csv,1749779025,1749779026,1749779026
./20231011-batch-1-Plate1-A1-0298/Image.csv,1749777089,1749777089,1749777089
./20231011-batch-1-Plate1-A1-0395/Image.csv,1749778705,1749778706,1749778706
./20231011-batch-1-Plate1-A1-0201/Image.csv,1749777711,1749777711,1749777711
./20231011-batch-1-Plate1-A1-0276/Image.csv,1749776619,1749776619,1749776619
./20231011-batch-1-Plate1-A1-0371/Image.csv,1749780439,1749780439,1749780439
./20231011-batch-1-Plate1-A1-0306/Image.csv,1749777881,1749777881,1749777881
./20231011-batch-1-Plate1-A1-0292/Image.csv,1749777237,1749777237,1749777237
./20231011-batch-1-Plate1-A1-0741/Image.csv,1749779301,1749779301,1749779301
./20231011-batch-1-Plate1-A1-0736/Image.csv,1749779725,1749779725,1749779725
./20231011-batch-1-Plate1-A1-1024/Image.csv,1749779947,1749779947,1749779947
./20231011-batch-1-Plate1-A1-0191/Image.csv,1749780128,1749780128,1749780128
./20231011-batch-1-Plate1-A1-0005/Image.csv,1749777957,1749777957,1749777957
./20231011-batch-1-Plate1-A1-0072/Image.csv,1749780618,1749780618,1749780618
./20231011-batch-1-Plate1-A1-0108/Image.csv,1749777507,1749777507,1749777507
./20231011-batch-1-Plate1-A1-0435/Image.csv,1749776637,1749776637,1749776637
./20231011-batch-1-Plate1-A1-0818/Image.csv,1749779524,1749779524,1749779524
./20231011-batch-1-Plate1-A1-0442/Image.csv,1749777617,1749777617,1749777617
./20231011-batch-1-Plate1-A1-0962/Image.csv,1749779561,1749779561,1749779561
./20231011-batch-1-Plate1-A1-0538/Image.csv,1749777387,1749777387,1749777387
./20231011-batch-1-Plate1-A1-0881/Image.csv,1749778794,1749778794,1749778794
./20231011-batch-1-Plate1-A1-0915/Image.csv,1749780753,1749780754,1749780754
./20231011-batch-1-Plate1-A1-0812/Image.csv,1749777665,1749777665,1749777665
./20231011-batch-1-Plate1-A1-0986/Image.csv,1749778033,1749778033,1749778033
./20231011-batch-1-Plate1-A1-0448/Image.csv,1749777924,1749777924,1749777924
./20231011-batch-1-Plate1-A1-0865/Image.csv,1749779504,1749779505,1749779505
./20231011-batch-1-Plate1-A1-0545/Image.csv,1749777760,1749777761,1749777761
./20231011-batch-1-Plate1-A1-0968/Image.csv,1749778893,1749778893,1749778893
./20231011-batch-1-Plate1-A1-0532/Image.csv,1749780453,1749780453,1749780453
./20231011-batch-1-Plate1-A1-0078/Image.csv,1749777202,1749777202,1749777202
./20231011-batch-1-Plate1-A1-0175/Image.csv,1749780569,1749780569,1749780569
./20231011-batch-1-Plate1-A1-0102/Image.csv,1749777390,1749777390,1749777390
./20231011-batch-1-Plate1-A1-0096/Image.csv,1749780274,1749780274,1749780274
./20231011-batch-1-Plate1-A1-0349/Image.csv,1749777325,1749777325,1749777325
./20231011-batch-1-Plate1-A1-0244/Image.csv,1749779001,1749779001,1749779001
./20231011-batch-1-Plate1-A1-0233/Image.csv,1749780402,1749780403,1749780403
./20231011-batch-1-Plate1-A1-0779/Image.csv,1749780065,1749780066,1749780066
./20231011-batch-1-Plate1-A1-0674/Image.csv,1749779958,1749779958,1749779958
./20231011-batch-1-Plate1-A1-0797/Image.csv,1749776940,1749776940,1749776940
./20231011-batch-1-Plate1-A1-0603/Image.csv,1749779396,1749779396,1749779396
./20231011-batch-1-Plate1-A1-1016/Image.csv,1749776600,1749776600,1749776600
./20231011-batch-1-Plate1-A1-0704/Image.csv,1749779356,1749779356,1749779356
./20231011-batch-1-Plate1-A1-0690/Image.csv,1749780599,1749780600,1749780600
./20231011-batch-1-Plate1-A1-0773/Image.csv,1749776328,1749776328,1749776328
./20231011-batch-1-Plate1-A1-0609/Image.csv,1749776498,1749776498,1749776498
./20231011-batch-1-Plate1-A1-0334/Image.csv,1749778686,1749778686,1749778686
./20231011-batch-1-Plate1-A1-0343/Image.csv,1749778461,1749778461,1749778461
./20231011-batch-1-Plate1-A1-0239/Image.csv,1749780049,1749780050,1749780050
./20231011-batch-1-Plate1-A1-0470/Image.csv,1749780849,1749780849,1749780849
./20231011-batch-1-Plate1-A1-0593/Image.csv,1749777760,1749777760,1749777760
./20231011-batch-1-Plate1-A1-0407/Image.csv,1749780521,1749780522,1749780522
./20231011-batch-1-Plate1-A1-0927/Image.csv,1749776421,1749776421,1749776421
./20231011-batch-1-Plate1-A1-0950/Image.csv,1749778709,1749778710,1749778710
./20231011-batch-1-Plate1-A1-0040/Image.csv,1749780570,1749780570,1749780570
./20231011-batch-1-Plate1-A1-0037/Image.csv,1749778842,1749778843,1749778843
./20231011-batch-1-Plate1-A1-0130/Image.csv,1749778038,1749778039,1749778039
./20231011-batch-1-Plate1-A1-0147/Image.csv,1749778562,1749778562,1749778562
./20231011-batch-1-Plate1-A1-0857/Image.csv,1749778050,1749778051,1749778051
./20231011-batch-1-Plate1-A1-0599/Image.csv,1749779663,1749779663,1749779663
./20231011-batch-1-Plate1-A1-0820/Image.csv,1749778009,1749778010,1749778010
./20231011-batch-1-Plate1-A1-0500/Image.csv,1749779892,1749779893,1749779893
./20231011-batch-1-Plate1-A1-0494/Image.csv,1749777523,1749777524,1749777524
./20231011-batch-1-Plate1-A1-0577/Image.csv,1749777819,1749777819,1749777819
